2 ,07/10/2013 12:20:40,07/10/2013 12:20:42
1 ,07/10/2013 12:20:36,unknown
2 ,07/10/2013 12:45:55,07/10/2013 12:46:08
3 ,07/10/2013 12:47:39,07/10/2013 12:47:52
3 ,07/10/2013 12:48:35,07/10/2013 12:49:07
3 ,07/10/2013 12:49:27,07/10/2013 12:49:49
3 ,07/10/2013 12:49:51,07/10/2013 12:50:04
2 ,07/10/2013 12:47:04,07/10/2013 12:52:47
3 ,07/10/2013 12:52:32,07/10/2013 12:53:31
2 ,07/10/2013 12:53:18,07/10/2013 12:54:10
1 ,07/10/2013 12:44:48,07/10/2013 12:54:56
2 ,07/10/2013 12:54:12,07/10/2013 12:55:49
1 ,07/10/2013 12:56:06,07/10/2013 12:56:18
2 ,07/10/2013 12:56:05,07/10/2013 12:56:39
1 ,07/10/2013 12:56:37,07/10/2013 12:57:35
1 ,07/10/2013 12:59:32,07/10/2013 12:59:44
1 ,07/10/2013 13:00:04,07/10/2013 13:00:16
1 ,07/10/2013 13:00:22,07/10/2013 13:00:42
2 ,07/10/2013 13:09:23,07/10/2013 13:09:36
4 ,07/10/2013 12:53:24,07/10/2013 13:10:55
4 ,07/10/2013 13:10:59,07/10/2013 13:11:19
3 ,07/10/2013 13:11:16,07/10/2013 13:11:31
4 ,07/10/2013 13:11:22,07/10/2013 13:11:33
4 ,07/10/2013 13:11:50,07/10/2013 13:12:02
4 ,07/10/2013 13:12:27,07/10/2013 13:12:38
4 ,07/10/2013 13:15:53,07/10/2013 13:16:06
3 ,07/10/2013 13:15:57,07/10/2013 13:16:11
5 ,07/10/2013 13:16:05,07/10/2013 13:16:18
5 ,07/10/2013 13:16:21,07/10/2013 13:16:32
3 ,07/10/2013 13:16:24,07/10/2013 13:16:38
4 ,07/10/2013 13:16:31,07/10/2013 13:16:52
1 ,07/10/2013 13:01:14,07/10/2013 13:17:53
1 ,07/10/2013 13:18:00,07/10/2013 13:18:11
1 ,07/10/2013 13:18:41,07/10/2013 13:18:56
1 ,07/10/2013 13:19:09,07/10/2013 13:20:45
1 ,07/10/2013 13:22:08,07/10/2013 13:22:24
2 ,07/10/2013 13:10:42,07/10/2013 13:22:27
1 ,07/10/2013 13:37:03,07/10/2013 13:37:14
4 ,07/10/2013 13:37:06,07/10/2013 13:37:17
4 ,07/10/2013 13:37:24,07/10/2013 13:37:41
1 ,07/10/2013 13:37:32,07/10/2013 13:37:43
1 ,07/10/2013 13:38:16,07/10/2013 13:38:28
2 ,07/10/2013 13:26:55,07/10/2013 13:39:39
1 ,07/10/2013 13:39:37,07/10/2013 13:39:49
2 ,07/10/2013 13:40:21,07/10/2013 13:40:36
2 ,07/10/2013 13:40:54,07/10/2013 13:41:07
4 ,07/10/2013 13:43:34,07/10/2013 13:43:52
2 ,07/10/2013 13:42:11,07/10/2013 13:44:37
4 ,07/10/2013 13:44:28,07/10/2013 13:44:40
4 ,07/10/2013 13:44:40,07/10/2013 13:44:51
2 ,07/10/2013 13:44:42,07/10/2013 13:45:04
4 ,07/10/2013 13:44:59,07/10/2013 13:45:13
2 ,07/10/2013 13:46:42,07/10/2013 13:46:53
3 ,07/10/2013 13:46:44,07/10/2013 13:47:06
2 ,07/10/2013 13:47:00,07/10/2013 13:47:14
2 ,07/10/2013 13:47:18,07/10/2013 13:47:32
3 ,07/10/2013 13:47:26,07/10/2013 13:47:38
5 ,07/10/2013 13:47:37,07/10/2013 13:47:49
2 ,07/10/2013 13:47:34,07/10/2013 13:48:01
3 ,07/10/2013 13:47:49,07/10/2013 13:48:11
3 ,07/10/2013 13:48:12,07/10/2013 13:48:24
2 ,07/10/2013 13:48:13,07/10/2013 13:48:25
3 ,07/10/2013 13:48:24,07/10/2013 13:48:42
2 ,07/10/2013 13:48:36,07/10/2013 13:48:50
4 ,07/10/2013 13:46:29,07/10/2013 13:49:27
3 ,07/10/2013 13:49:06,07/10/2013 13:49:46
2 ,07/10/2013 13:48:59,07/10/2013 13:49:52
3 ,07/10/2013 13:50:57,07/10/2013 13:51:10
2 ,07/10/2013 13:50:52,07/10/2013 13:51:25
2 ,07/10/2013 13:51:27,07/10/2013 13:51:40
3 ,07/10/2013 13:51:15,07/10/2013 13:51:46
4 ,07/10/2013 13:51:28,07/10/2013 13:51:49
4 ,07/10/2013 13:51:52,07/10/2013 13:52:07
5 ,07/10/2013 13:51:38,07/10/2013 13:52:07
3 ,07/10/2013 13:52:00,07/10/2013 13:52:11
2 ,07/10/2013 13:52:05,07/10/2013 13:52:29
2 ,07/10/2013 13:53:15,07/10/2013 13:53:28
3 ,07/10/2013 13:53:17,07/10/2013 13:53:40
3 ,07/10/2013 13:53:49,07/10/2013 13:53:50
3 ,07/10/2013 13:54:03,07/10/2013 13:54:16
3 ,07/10/2013 13:54:19,07/10/2013 13:54:30
3 ,07/10/2013 13:55:31,07/10/2013 13:56:02
2 ,07/10/2013 13:55:51,07/10/2013 13:56:06
5 ,07/10/2013 13:55:57,07/10/2013 13:56:08
2 ,07/10/2013 13:58:49,07/10/2013 13:59:03
2 ,07/10/2013 13:59:10,07/10/2013 13:59:21
2 ,07/10/2013 14:00:00,07/10/2013 14:00:17
5 ,07/10/2013 13:56:14,07/10/2013 14:01:18
2 ,07/10/2013 14:01:15,07/10/2013 14:01:34
1 ,07/10/2013 13:40:20,07/10/2013 14:02:11
1 ,07/10/2013 14:02:23,07/10/2013 14:04:21
2 ,07/10/2013 14:04:13,07/10/2013 14:04:24
1 ,07/10/2013 14:10:45,07/10/2013 14:11:08
1 ,07/10/2013 14:14:10,07/10/2013 14:14:24
1 ,07/10/2013 14:14:35,07/10/2013 14:14:46
1 ,07/10/2013 14:14:50,07/10/2013 14:15:05
1 ,07/10/2013 14:15:53,07/10/2013 14:16:07
2 ,07/10/2013 14:09:22,07/10/2013 14:25:45
2 ,07/10/2013 14:25:49,07/10/2013 14:26:10
1 ,07/10/2013 14:26:01,07/10/2013 14:26:16
1 ,07/10/2013 14:30:45,07/10/2013 14:31:08
1 ,07/10/2013 14:31:41,07/10/2013 14:31:54
3 ,07/10/2013 14:34:37,07/10/2013 14:35:35
4 ,07/10/2013 14:35:53,07/10/2013 14:36:05
1 ,07/10/2013 14:32:41,07/10/2013 14:36:47
1 ,07/10/2013 14:37:15,07/10/2013 14:37:26
3 ,07/10/2013 14:35:39,07/10/2013 14:37:27
5 ,07/10/2013 14:31:06,07/10/2013 14:38:39
3 ,07/10/2013 14:38:59,07/10/2013 14:39:14
3 ,07/10/2013 14:39:42,07/10/2013 14:39:53
3 ,07/10/2013 14:40:11,07/10/2013 14:40:24
5 ,07/10/2013 14:38:49,07/10/2013 14:42:14
5 ,07/10/2013 14:43:21,07/10/2013 14:43:32
5 ,07/10/2013 14:43:36,07/10/2013 14:43:58
5 ,07/10/2013 14:44:02,07/10/2013 14:44:17
5 ,07/10/2013 14:45:30,07/10/2013 14:45:45
3 ,07/10/2013 14:45:37,07/10/2013 14:45:48
5 ,07/10/2013 14:54:17,07/10/2013 14:54:42
3 ,07/10/2013 14:53:35,07/10/2013 15:02:01
3 ,07/10/2013 15:07:54,07/10/2013 15:08:08
5 ,07/10/2013 14:55:33,07/10/2013 15:10:56
2 ,07/10/2013 14:30:56,07/10/2013 15:12:17
5 ,07/10/2013 15:12:07,07/10/2013 15:12:18
5 ,07/10/2013 15:13:43,07/10/2013 15:16:27
2 ,07/10/2013 15:16:12,07/10/2013 15:16:33
5 ,07/10/2013 15:16:45,07/10/2013 15:17:05
5 ,07/10/2013 15:18:57,07/10/2013 15:19:14
5 ,07/10/2013 15:19:29,07/10/2013 15:19:54
3 ,07/10/2013 15:20:22,07/10/2013 15:20:34
3 ,07/10/2013 15:21:00,07/10/2013 15:21:35
5 ,07/10/2013 15:20:11,07/10/2013 15:21:38
5 ,07/10/2013 15:21:59,07/10/2013 15:22:16
3 ,07/10/2013 15:22:04,07/10/2013 15:22:42
3 ,07/10/2013 15:22:45,07/10/2013 15:22:59
5 ,07/10/2013 15:22:48,07/10/2013 15:23:24
3 ,07/10/2013 15:23:11,07/10/2013 15:23:41
3 ,07/10/2013 15:23:44,07/10/2013 15:24:09
5 ,07/10/2013 15:23:56,07/10/2013 15:24:13
5 ,07/10/2013 15:24:28,07/10/2013 15:24:41
3 ,07/10/2013 15:26:01,07/10/2013 15:26:15
3 ,07/10/2013 15:27:08,07/10/2013 15:27:35
5 ,07/10/2013 15:25:03,07/10/2013 15:28:13
5 ,07/10/2013 15:28:25,07/10/2013 15:28:37
5 ,07/10/2013 15:29:29,07/10/2013 15:29:44
5 ,07/10/2013 15:29:56,07/10/2013 15:35:58
5 ,07/10/2013 15:37:02,07/10/2013 15:37:22
5 ,07/10/2013 15:37:34,07/10/2013 15:37:46
5 ,07/10/2013 15:38:11,07/10/2013 15:38:23
2 ,07/10/2013 15:16:34,07/10/2013 15:44:53
5 ,07/10/2013 15:44:23,07/10/2013 15:45:00
5 ,07/10/2013 15:46:42,07/10/2013 15:47:01
2 ,07/10/2013 15:50:40,07/10/2013 15:57:25
2 ,07/10/2013 15:58:39,07/10/2013 15:58:54
5 ,07/10/2013 15:49:18,07/10/2013 16:00:25
5 ,07/10/2013 16:02:18,07/10/2013 16:02:31
2 ,07/10/2013 16:04:43,07/10/2013 16:05:01
3 ,07/10/2013 16:06:37,07/10/2013 16:06:54
3 ,07/10/2013 16:07:06,07/10/2013 16:07:19
3 ,07/10/2013 16:08:48,07/10/2013 16:09:02
1 ,07/10/2013 16:10:24,07/10/2013 16:10:38
3 ,07/10/2013 16:10:19,07/10/2013 16:10:46
3 ,07/10/2013 16:11:30,07/10/2013 16:11:41
3 ,07/10/2013 16:12:34,07/10/2013 16:12:45
1 ,07/10/2013 16:12:39,07/10/2013 16:12:53
4 ,07/10/2013 16:12:42,07/10/2013 16:13:06
3 ,07/10/2013 16:12:49,07/10/2013 16:13:09
3 ,07/10/2013 16:13:09,07/10/2013 16:13:22
3 ,07/10/2013 16:13:23,07/10/2013 16:13:41
4 ,07/10/2013 16:13:36,07/10/2013 16:14:03
4 ,07/10/2013 16:14:45,07/10/2013 16:14:58
4 ,07/10/2013 16:15:13,07/10/2013 16:15:30
4 ,07/10/2013 16:15:48,07/10/2013 16:16:02
4 ,07/10/2013 16:16:45,07/10/2013 16:16:59
4 ,07/10/2013 16:17:14,07/10/2013 16:17:31
3 ,07/10/2013 16:17:21,07/10/2013 16:17:35
3 ,07/10/2013 16:17:42,07/10/2013 16:18:10
3 ,07/10/2013 16:18:42,07/10/2013 16:19:01
3 ,07/10/2013 16:19:31,07/10/2013 16:19:45
4 ,07/10/2013 16:19:37,07/10/2013 16:19:52
3 ,07/10/2013 16:19:45,07/10/2013 16:19:59
2 ,07/10/2013 16:05:40,07/10/2013 16:25:33
2 ,07/10/2013 16:25:43,07/10/2013 16:25:56
2 ,07/10/2013 16:26:01,07/10/2013 16:26:26
3 ,07/10/2013 16:26:15,07/10/2013 16:26:53
4 ,07/10/2013 16:26:43,07/10/2013 16:27:35
4 ,07/10/2013 16:27:38,07/10/2013 16:27:43
3 ,07/10/2013 16:27:40,07/10/2013 16:27:52
3 ,07/10/2013 16:29:09,07/10/2013 16:29:20
3 ,07/10/2013 16:29:22,07/10/2013 16:29:33
2 ,07/10/2013 16:26:35,07/10/2013 16:29:44
2 ,07/10/2013 16:29:56,07/10/2013 16:30:09
2 ,07/10/2013 16:30:11,07/10/2013 16:30:24
2 ,07/10/2013 16:31:58,07/10/2013 16:32:10
4 ,07/10/2013 16:32:06,07/10/2013 16:32:23
4 ,07/10/2013 16:33:42,07/10/2013 16:33:52
4 ,07/10/2013 16:35:24,07/10/2013 16:35:36
4 ,07/10/2013 16:36:02,07/10/2013 16:36:17
4 ,07/10/2013 16:36:21,07/10/2013 16:36:38
4 ,07/10/2013 16:43:45,07/10/2013 16:43:56
3 ,07/10/2013 16:32:01,07/10/2013 16:43:58
5 ,07/10/2013 16:44:27,07/10/2013 16:46:08
4 ,07/10/2013 16:46:29,07/10/2013 16:46:41
4 ,07/10/2013 16:47:11,07/10/2013 16:47:26
4 ,07/10/2013 16:47:32,07/10/2013 16:47:44
2 ,07/10/2013 16:47:34,07/10/2013 16:47:47
2 ,07/10/2013 16:50:30,07/10/2013 16:50:44
5 ,07/10/2013 16:46:15,07/10/2013 16:53:57
3 ,07/10/2013 16:45:07,07/10/2013 16:54:15
5 ,07/10/2013 16:55:56,07/10/2013 16:56:16
2 ,07/10/2013 16:56:08,07/10/2013 16:56:21
2 ,07/10/2013 16:56:54,07/10/2013 16:57:05
2 ,07/10/2013 16:57:43,07/10/2013 16:57:57
2 ,07/10/2013 16:58:38,07/10/2013 16:59:07
5 ,07/10/2013 16:59:00,07/10/2013 17:00:02
5 ,07/10/2013 17:01:05,07/10/2013 17:01:21
5 ,07/10/2013 17:01:38,07/10/2013 17:02:06
2 ,07/10/2013 17:01:53,07/10/2013 17:02:07
4 ,07/10/2013 17:03:55,07/10/2013 17:04:07
1 ,07/10/2013 17:03:58,07/10/2013 17:04:10
2 ,07/10/2013 17:02:14,07/10/2013 17:04:14
5 ,07/10/2013 17:02:27,07/10/2013 17:04:19
1 ,07/10/2013 17:04:10,07/10/2013 17:04:31
2 ,07/10/2013 17:04:31,07/10/2013 17:04:44
1 ,07/10/2013 17:04:32,07/10/2013 17:04:45
1 ,07/10/2013 17:05:47,07/10/2013 17:06:00
5 ,07/10/2013 17:04:23,07/10/2013 17:06:07
1 ,07/10/2013 17:06:06,07/10/2013 17:06:20
5 ,07/10/2013 17:06:15,07/10/2013 17:06:28
5 ,07/10/2013 17:06:31,07/10/2013 17:06:43
5 ,07/10/2013 17:14:07,07/10/2013 17:15:57
5 ,07/10/2013 17:15:57,07/10/2013 17:16:10
5 ,07/10/2013 17:16:45,07/10/2013 17:16:57
5 ,07/10/2013 17:17:51,07/10/2013 17:18:08
5 ,07/10/2013 17:18:14,07/10/2013 17:18:27
5 ,07/10/2013 17:18:28,07/10/2013 17:18:42
5 ,07/10/2013 17:18:45,07/10/2013 17:19:02
3 ,07/10/2013 16:54:18,07/10/2013 17:22:58
3 ,07/10/2013 17:25:46,07/10/2013 17:26:34
3 ,07/10/2013 17:26:46,07/10/2013 17:26:57
5 ,07/10/2013 17:26:33,07/10/2013 17:27:11
1 ,07/10/2013 17:27:08,07/10/2013 17:27:23
3 ,07/10/2013 17:27:02,07/10/2013 17:45:54
5 ,07/10/2013 17:45:54,07/10/2013 17:46:07
3 ,07/10/2013 17:49:21,07/10/2013 17:49:35
1 ,07/10/2013 17:37:40,07/10/2013 18:01:11
1 ,07/10/2013 18:01:44,07/10/2013 18:02:27
1 ,07/10/2013 18:02:37,07/10/2013 18:02:52
5 ,07/10/2013 17:46:08,07/10/2013 18:03:29
1 ,07/10/2013 18:03:25,07/10/2013 18:03:45
1 ,07/10/2013 18:03:47,07/10/2013 18:04:05
3 ,07/10/2013 18:04:42,07/10/2013 18:05:32
2 ,07/10/2013 18:05:23,07/10/2013 18:05:37
5 ,07/10/2013 18:04:01,07/10/2013 18:08:40
1 ,07/10/2013 18:04:25,07/10/2013 18:08:50
5 ,07/10/2013 18:15:26,07/10/2013 18:15:39
1 ,07/10/2013 18:09:03,07/10/2013 18:18:53
2 ,07/10/2013 18:18:09,07/10/2013 18:19:14
2 ,07/10/2013 18:22:11,07/10/2013 18:22:22
1 ,07/10/2013 18:22:13,07/10/2013 18:22:26
5 ,07/10/2013 18:15:47,07/10/2013 18:24:09
2 ,07/10/2013 18:24:00,07/10/2013 18:24:46
1 ,07/10/2013 18:23:45,07/10/2013 18:25:07
5 ,07/10/2013 18:24:31,07/10/2013 18:25:07
4 ,07/10/2013 18:25:07,07/10/2013 18:25:07
5 ,07/10/2013 18:25:08,07/10/2013 18:25:09
3 ,07/10/2013 18:24:33,07/10/2013 18:25:14
4 ,07/10/2013 18:25:14,07/10/2013 18:25:19
2 ,07/10/2013 18:25:00,07/10/2013 18:25:21
5 ,07/10/2013 18:25:09,07/10/2013 18:25:24
2 ,07/10/2013 18:25:22,07/10/2013 18:25:31
1 ,07/11/2013 10:27:48,07/11/2013 10:28:00
2 ,07/11/2013 10:27:49,07/11/2013 10:28:13
2 ,07/11/2013 10:28:13,07/11/2013 10:28:16
1 ,07/11/2013 10:28:09,07/11/2013 10:28:23
2 ,07/11/2013 10:28:17,07/11/2013 10:28:24
2 ,07/11/2013 10:28:25,07/11/2013 10:28:26
1 ,07/11/2013 10:29:13,07/11/2013 10:29:25
3 ,07/11/2013 10:29:16,07/11/2013 10:29:31
4 ,07/11/2013 10:29:18,07/11/2013 10:29:31
4 ,07/11/2013 10:30:30,07/11/2013 10:30:43
4 ,07/11/2013 10:30:53,07/11/2013 10:31:05
3 ,07/11/2013 10:30:55,07/11/2013 10:31:08
4 ,07/11/2013 10:31:07,07/11/2013 10:31:23
4 ,07/11/2013 10:32:25,07/11/2013 10:32:41
4 ,07/11/2013 10:33:57,07/11/2013 10:34:09
4 ,07/11/2013 10:34:15,07/11/2013 10:34:27
3 ,07/11/2013 10:34:16,07/11/2013 10:34:28
1 ,07/11/2013 10:34:26,07/11/2013 10:34:39
4 ,07/11/2013 10:34:27,07/11/2013 10:34:41
4 ,07/11/2013 10:46:24,07/11/2013 10:46:37
4 ,07/11/2013 10:49:11,07/11/2013 10:49:11
4 ,07/11/2013 10:49:11,07/11/2013 10:49:23
4 ,07/11/2013 10:50:03,07/11/2013 10:50:20
1 ,07/11/2013 10:50:14,07/11/2013 10:50:28
3 ,07/11/2013 10:50:18,07/11/2013 10:50:30
2 ,07/11/2013 10:28:26,07/11/2013 10:51:18
3 ,07/11/2013 10:51:20,07/11/2013 10:51:34
3 ,07/11/2013 10:52:27,07/11/2013 10:52:42
1 ,07/11/2013 10:52:39,07/11/2013 10:54:00
1 ,07/11/2013 10:54:28,07/11/2013 10:54:42
1 ,07/11/2013 10:55:13,07/11/2013 10:55:28
1 ,07/11/2013 10:56:20,07/11/2013 10:56:32
3 ,07/11/2013 10:56:28,07/11/2013 10:57:09
3 ,07/11/2013 10:58:34,07/11/2013 10:58:48
2 ,07/11/2013 10:51:18,07/11/2013 10:59:20
3 ,07/11/2013 10:59:18,07/11/2013 10:59:33
2 ,07/11/2013 10:59:20,07/11/2013 10:59:34
1 ,07/11/2013 10:59:24,07/11/2013 10:59:42
1 ,07/11/2013 10:59:42,07/11/2013 10:59:44
2 ,07/11/2013 10:59:37,07/11/2013 10:59:52
1 ,07/11/2013 10:59:48,07/11/2013 10:59:54
2 ,07/11/2013 11:00:07,07/11/2013 11:00:20
2 ,07/11/2013 11:00:29,07/11/2013 11:00:41
2 ,07/11/2013 11:00:50,07/11/2013 11:01:02
3 ,07/11/2013 11:00:57,07/11/2013 11:01:09
3 ,07/11/2013 11:01:14,07/11/2013 11:01:27
3 ,07/11/2013 11:02:17,07/11/2013 11:02:29
3 ,07/11/2013 11:02:29,07/11/2013 11:02:49
1 ,07/11/2013 10:59:54,07/11/2013 11:04:53
1 ,07/11/2013 11:08:57,07/11/2013 11:09:21
3 ,07/11/2013 11:14:17,07/11/2013 11:14:30
3 ,07/11/2013 11:14:33,07/11/2013 11:14:45
2 ,07/11/2013 11:29:07,07/11/2013 11:29:23
3 ,07/11/2013 11:29:05,07/11/2013 11:29:24
3 ,07/11/2013 11:29:41,07/11/2013 11:29:56
3 ,07/11/2013 11:29:56,07/11/2013 11:30:11
1 ,07/11/2013 11:12:18,07/11/2013 11:30:18
3 ,07/11/2013 11:30:11,07/11/2013 11:30:28
1 ,07/11/2013 11:30:18,07/11/2013 11:30:33
3 ,07/11/2013 11:30:57,07/11/2013 11:31:10
2 ,07/11/2013 11:31:05,07/11/2013 11:31:19
1 ,07/11/2013 11:30:44,07/11/2013 11:31:28
1 ,07/11/2013 11:31:30,07/11/2013 11:32:09
3 ,07/11/2013 11:31:48,07/11/2013 11:32:37
4 ,07/11/2013 11:31:59,07/11/2013 11:32:42
1 ,07/11/2013 11:32:31,07/11/2013 11:32:44
5 ,07/11/2013 11:32:31,07/11/2013 11:32:49
5 ,07/11/2013 11:33:10,07/11/2013 11:33:22
1 ,07/11/2013 11:33:12,07/11/2013 11:33:29
1 ,07/11/2013 11:33:34,07/11/2013 11:33:48
1 ,07/11/2013 11:33:54,07/11/2013 11:34:28
5 ,07/11/2013 11:34:13,07/11/2013 11:34:36
4 ,07/11/2013 11:34:28,07/11/2013 11:34:42
1 ,07/11/2013 11:34:35,07/11/2013 11:34:49
5 ,07/11/2013 11:34:36,07/11/2013 11:35:06
1 ,07/11/2013 11:34:52,07/11/2013 11:35:44
5 ,07/11/2013 11:35:18,07/11/2013 11:35:54
1 ,07/11/2013 11:35:46,07/11/2013 11:35:59
5 ,07/11/2013 11:35:54,07/11/2013 11:36:09
3 ,07/11/2013 11:35:58,07/11/2013 11:36:19
4 ,07/11/2013 11:35:50,07/11/2013 11:36:53
5 ,07/11/2013 11:36:44,07/11/2013 11:36:59
3 ,07/11/2013 11:36:27,07/11/2013 11:37:08
3 ,07/11/2013 11:37:21,07/11/2013 11:37:43
2 ,07/11/2013 11:31:26,07/11/2013 11:38:03
3 ,07/11/2013 11:37:53,07/11/2013 11:38:04
5 ,07/11/2013 11:37:40,07/11/2013 11:38:14
2 ,07/11/2013 11:38:08,07/11/2013 11:38:18
3 ,07/11/2013 11:38:07,07/11/2013 11:38:22
2 ,07/11/2013 11:38:20,07/11/2013 11:38:34
2 ,07/11/2013 11:39:35,07/11/2013 11:40:05
2 ,07/11/2013 11:41:36,07/11/2013 11:41:50
3 ,07/11/2013 11:41:36,07/11/2013 11:41:52
5 ,07/11/2013 11:41:39,07/11/2013 11:41:53
5 ,07/11/2013 11:41:58,07/11/2013 11:42:11
3 ,07/11/2013 11:42:04,07/11/2013 11:42:18
2 ,07/11/2013 11:42:10,07/11/2013 11:42:23
2 ,07/11/2013 11:43:55,07/11/2013 11:44:07
2 ,07/11/2013 11:44:22,07/11/2013 11:44:42
2 ,07/11/2013 11:45:47,07/11/2013 11:46:00
2 ,07/11/2013 11:46:21,07/11/2013 11:46:34
2 ,07/11/2013 11:48:39,07/11/2013 11:48:52
2 ,07/11/2013 11:49:45,07/11/2013 11:49:57
2 ,07/11/2013 11:50:18,07/11/2013 11:50:44
2 ,07/11/2013 11:50:46,07/11/2013 11:51:47
2 ,07/11/2013 11:55:48,07/11/2013 11:56:21
3 ,07/11/2013 11:56:58,07/11/2013 11:57:24
5 ,07/11/2013 11:57:16,07/11/2013 11:57:27
4 ,07/11/2013 11:57:18,07/11/2013 11:57:28
4 ,07/11/2013 11:57:36,07/11/2013 11:58:08
5 ,07/11/2013 11:59:10,07/11/2013 11:59:22
4 ,07/11/2013 11:58:58,07/11/2013 11:59:28
2 ,07/11/2013 11:56:33,07/11/2013 12:01:17
2 ,07/11/2013 12:01:17,07/11/2013 12:01:19
2 ,07/11/2013 12:01:21,07/11/2013 12:01:49
2 ,07/11/2013 12:02:16,07/11/2013 12:03:08
2 ,07/11/2013 12:13:10,07/11/2013 12:13:28
2 ,07/11/2013 12:13:35,07/11/2013 12:13:48
2 ,07/11/2013 12:14:00,07/11/2013 12:14:12
4 ,07/11/2013 12:14:05,07/11/2013 12:14:25
4 ,07/11/2013 12:14:56,07/11/2013 12:15:09
5 ,07/11/2013 12:15:27,07/11/2013 12:15:39
3 ,07/11/2013 12:15:33,07/11/2013 12:15:44
4 ,07/11/2013 12:15:13,07/11/2013 12:15:59
2 ,07/11/2013 12:14:58,07/11/2013 12:16:14
4 ,07/11/2013 12:16:04,07/11/2013 12:16:16
4 ,07/11/2013 12:16:19,07/11/2013 12:16:38
2 ,07/11/2013 12:16:31,07/11/2013 12:16:43
2 ,07/11/2013 12:17:14,07/11/2013 12:17:43
3 ,07/11/2013 12:18:01,07/11/2013 12:18:24
3 ,07/11/2013 12:19:22,07/11/2013 12:19:36
2 ,07/11/2013 12:17:46,07/11/2013 12:19:37
4 ,07/11/2013 12:17:33,07/11/2013 12:22:23
2 ,07/11/2013 12:21:38,07/11/2013 12:22:30
4 ,07/11/2013 12:23:08,07/11/2013 12:23:22
2 ,07/11/2013 12:23:02,07/11/2013 12:24:00
3 ,07/11/2013 12:23:20,07/11/2013 12:24:36
2 ,07/11/2013 12:24:25,07/11/2013 12:24:38
4 ,07/11/2013 12:24:30,07/11/2013 12:24:43
4 ,07/11/2013 12:24:51,07/11/2013 12:25:05
2 ,07/11/2013 12:24:57,07/11/2013 12:25:07
3 ,07/11/2013 12:24:57,07/11/2013 12:25:19
2 ,07/11/2013 12:25:14,07/11/2013 12:25:25
5 ,07/11/2013 12:25:17,07/11/2013 12:25:31
4 ,07/11/2013 12:25:14,07/11/2013 12:25:31
3 ,07/11/2013 12:25:20,07/11/2013 12:25:33
4 ,07/11/2013 12:25:32,07/11/2013 12:25:44
4 ,07/11/2013 12:28:06,07/11/2013 12:28:18
3 ,07/11/2013 12:28:13,07/11/2013 12:28:24
3 ,07/11/2013 12:30:12,07/11/2013 12:30:43
3 ,07/11/2013 12:31:00,07/11/2013 12:31:23
3 ,07/11/2013 12:31:44,07/11/2013 12:31:56
3 ,07/11/2013 12:35:34,07/11/2013 12:35:52
3 ,07/11/2013 12:36:26,07/11/2013 12:36:38
3 ,07/11/2013 12:37:07,07/11/2013 12:37:21
3 ,07/11/2013 12:38:19,07/11/2013 12:39:04
4 ,07/11/2013 12:39:20,07/11/2013 12:39:34
3 ,07/11/2013 12:39:19,07/11/2013 12:39:35
3 ,07/11/2013 12:39:39,07/11/2013 12:39:53
4 ,07/11/2013 12:39:58,07/11/2013 12:40:11
3 ,07/11/2013 12:39:55,07/11/2013 12:40:34
3 ,07/11/2013 12:40:38,07/11/2013 12:40:51
3 ,07/11/2013 12:41:40,07/11/2013 12:41:59
3 ,07/11/2013 12:42:05,07/11/2013 12:42:20
3 ,07/11/2013 12:42:36,07/11/2013 12:43:02
3 ,07/11/2013 12:43:41,07/11/2013 12:43:54
3 ,07/11/2013 12:46:06,07/11/2013 12:46:18
3 ,07/11/2013 12:48:09,07/11/2013 12:48:26
3 ,07/11/2013 12:51:50,07/11/2013 12:52:08
4 ,07/11/2013 12:41:48,07/11/2013 12:52:45
3 ,07/11/2013 12:52:39,07/11/2013 12:52:59
4 ,07/11/2013 12:52:59,07/11/2013 12:53:13
5 ,07/11/2013 12:53:10,07/11/2013 12:53:21
3 ,07/11/2013 12:53:03,07/11/2013 12:53:25
4 ,07/11/2013 12:53:21,07/11/2013 12:53:34
4 ,07/11/2013 12:53:36,07/11/2013 12:53:50
3 ,07/11/2013 12:53:48,07/11/2013 12:54:00
5 ,07/11/2013 13:01:27,07/11/2013 13:01:28
4 ,07/11/2013 13:01:17,07/11/2013 13:01:30
3 ,07/11/2013 13:00:53,07/11/2013 13:01:41
3 ,07/11/2013 13:01:51,07/11/2013 13:02:04
3 ,07/11/2013 13:02:07,07/11/2013 13:02:19
4 ,07/11/2013 13:02:17,07/11/2013 13:02:32
3 ,07/11/2013 13:02:27,07/11/2013 13:02:40
3 ,07/11/2013 13:02:44,07/11/2013 13:02:55
4 ,07/11/2013 13:02:50,07/11/2013 13:03:11
3 ,07/11/2013 13:06:26,07/11/2013 13:06:38
4 ,07/11/2013 13:06:05,07/11/2013 13:06:52
3 ,07/11/2013 13:08:14,07/11/2013 13:08:25
2 ,07/11/2013 13:08:16,07/11/2013 13:08:27
2 ,07/11/2013 13:08:35,07/11/2013 13:09:00
3 ,07/11/2013 13:08:50,07/11/2013 13:09:03
4 ,07/11/2013 13:08:06,07/11/2013 13:09:17
4 ,07/11/2013 13:09:23,07/11/2013 13:09:44
3 ,07/11/2013 13:09:37,07/11/2013 13:09:50
3 ,07/11/2013 13:10:07,07/11/2013 13:10:19
3 ,07/11/2013 13:11:51,07/11/2013 13:12:04
3 ,07/11/2013 13:13:50,07/11/2013 13:14:03
4 ,07/11/2013 13:14:01,07/11/2013 13:14:31
3 ,07/11/2013 13:16:26,07/11/2013 13:16:39
3 ,07/11/2013 13:16:44,07/11/2013 13:16:57
5 ,07/11/2013 13:01:29,07/11/2013 13:16:58
5 ,07/11/2013 13:17:07,07/11/2013 13:17:20
5 ,07/11/2013 13:18:05,07/11/2013 13:18:20
3 ,07/11/2013 13:20:47,07/11/2013 13:21:01
4 ,07/11/2013 13:15:21,07/11/2013 13:21:24
5 ,07/11/2013 13:20:15,07/11/2013 13:21:24
4 ,07/11/2013 13:21:36,07/11/2013 13:21:56
5 ,07/11/2013 13:21:44,07/11/2013 13:21:57
5 ,07/11/2013 13:22:13,07/11/2013 13:22:25
5 ,07/11/2013 13:22:33,07/11/2013 13:22:46
5 ,07/11/2013 13:22:55,07/11/2013 13:23:08
5 ,07/11/2013 13:29:51,07/11/2013 13:30:05
5 ,07/11/2013 13:41:34,07/11/2013 13:41:46
3 ,07/11/2013 13:45:13,07/11/2013 13:45:32
3 ,07/11/2013 13:45:34,07/11/2013 13:45:48
2 ,07/11/2013 13:16:57,07/11/2013 13:45:51
4 ,07/11/2013 13:44:11,07/11/2013 13:45:51
4 ,07/11/2013 13:50:12,07/11/2013 13:50:26
4 ,07/11/2013 13:52:16,07/11/2013 13:52:32
4 ,07/11/2013 13:52:56,07/11/2013 13:53:07
4 ,07/11/2013 13:54:59,07/11/2013 13:55:11
4 ,07/11/2013 14:06:31,07/11/2013 14:10:44
2 ,07/11/2013 14:10:11,07/11/2013 14:11:04
2 ,07/11/2013 14:11:49,07/11/2013 14:12:18
4 ,07/11/2013 14:12:15,07/11/2013 14:12:33
4 ,07/11/2013 14:12:34,07/11/2013 14:12:46
2 ,07/11/2013 14:12:37,07/11/2013 14:12:49
5 ,07/11/2013 13:43:40,07/11/2013 14:13:00
4 ,07/11/2013 14:12:46,07/11/2013 14:13:05
3 ,07/11/2013 14:12:46,07/11/2013 14:13:20
4 ,07/11/2013 14:13:09,07/11/2013 14:13:30
2 ,07/11/2013 14:12:50,07/11/2013 14:13:38
4 ,07/11/2013 14:13:37,07/11/2013 14:14:01
4 ,07/11/2013 14:14:05,07/11/2013 14:14:20
2 ,07/11/2013 14:13:38,07/11/2013 14:14:32
4 ,07/11/2013 14:19:27,07/11/2013 14:19:38
5 ,07/11/2013 14:19:28,07/11/2013 14:19:42
2 ,07/11/2013 14:16:00,07/11/2013 14:20:01
5 ,07/11/2013 14:25:36,07/11/2013 14:26:28
5 ,07/11/2013 14:36:42,07/11/2013 14:36:55
4 ,07/11/2013 14:36:49,07/11/2013 14:37:09
4 ,07/11/2013 14:37:28,07/11/2013 14:37:39
4 ,07/11/2013 14:38:01,07/11/2013 14:38:13
4 ,07/11/2013 14:42:18,07/11/2013 14:42:29
4 ,07/11/2013 14:47:10,07/11/2013 14:47:46
2 ,07/11/2013 14:21:14,07/11/2013 14:47:49
5 ,07/11/2013 14:47:30,07/11/2013 14:48:05
1 ,07/11/2013 14:48:03,07/11/2013 14:48:16
2 ,07/11/2013 14:47:50,07/11/2013 14:48:21
4 ,07/11/2013 14:48:02,07/11/2013 14:48:31
2 ,07/11/2013 14:48:23,07/11/2013 14:48:41
2 ,07/11/2013 14:51:30,07/11/2013 14:51:43
2 ,07/11/2013 14:51:44,07/11/2013 14:51:58
4 ,07/11/2013 14:48:36,07/11/2013 14:54:45
4 ,07/11/2013 15:00:52,07/11/2013 15:01:05
4 ,07/11/2013 15:01:09,07/11/2013 15:01:26
4 ,07/11/2013 15:01:46,07/11/2013 15:01:59
4 ,07/11/2013 15:05:56,07/11/2013 15:06:11
4 ,07/11/2013 15:07:56,07/11/2013 15:08:11
4 ,07/11/2013 15:10:30,07/11/2013 15:10:47
2 ,07/11/2013 15:10:41,07/11/2013 15:10:54
2 ,07/11/2013 15:14:42,07/11/2013 15:14:55
2 ,07/11/2013 15:14:56,07/11/2013 15:15:13
2 ,07/11/2013 15:15:14,07/11/2013 15:15:26
2 ,07/11/2013 15:18:22,07/11/2013 15:18:46
2 ,07/11/2013 15:18:58,07/11/2013 15:19:33
3 ,07/11/2013 14:13:44,07/11/2013 15:19:43
3 ,07/11/2013 15:19:53,07/11/2013 15:20:06
3 ,07/11/2013 15:20:20,07/11/2013 15:20:41
3 ,07/11/2013 15:21:02,07/11/2013 15:21:13
3 ,07/11/2013 15:22:05,07/11/2013 15:22:28
3 ,07/11/2013 15:22:46,07/11/2013 15:22:57
1 ,07/11/2013 15:22:47,07/11/2013 15:22:57
4 ,07/11/2013 15:18:43,07/11/2013 15:23:10
4 ,07/11/2013 15:23:15,07/11/2013 15:23:16
5 ,07/11/2013 15:22:47,07/11/2013 15:23:16
1 ,07/11/2013 15:23:08,07/11/2013 15:23:21
1 ,07/11/2013 15:23:23,07/11/2013 15:23:35
5 ,07/11/2013 15:23:32,07/11/2013 15:23:44
