duration,projectName,timeStart,timeEnd
1317,testProject,06/28/2013 03:16:32,06/28/2013 03:38:29
1884,testProject,06/28/2013 03:41:51,06/28/2013 04:13:15
526,testProject,06/28/2013 04:14:23,06/28/2013 04:23:09
916,testProject,06/28/2013 04:45:53,06/28/2013 05:01:09
306,testProject,06/28/2013 05:29:36,06/28/2013 05:34:42
2951,testProject,06/28/2013 05:40:49,06/28/2013 06:30:00
703,testProject,06/28/2013 06:28:56,06/28/2013 06:40:39
1693,testProject,06/28/2013 07:10:59,06/28/2013 07:39:12
909,testProject,06/28/2013 07:52:44,06/28/2013 08:07:53
3298,testProject,06/28/2013 09:31:05,06/28/2013 10:26:03
1010,testProject,06/28/2013 13:32:49,06/28/2013 13:49:39
397,testProject,06/28/2013 15:22:23,06/28/2013 15:29:00
2309,testProject,06/28/2013 16:55:32,06/28/2013 17:34:01
2835,testProject,06/28/2013 18:23:12,06/28/2013 19:10:27
306,testProject,06/28/2013 21:00:20,06/28/2013 21:05:26
374,testProject,06/28/2013 21:43:02,06/28/2013 21:49:16
807,testProject,06/28/2013 21:49:43,06/28/2013 22:03:10
3600,testProject,06/29/2013 01:57:20,06/29/2013 02:57:20
2890,testProject,06/29/2013 02:27:42,06/29/2013 03:15:52
3548,testProject,06/29/2013 03:57:57,06/29/2013 04:57:05
3526,testProject,06/29/2013 04:30:44,06/29/2013 05:29:30
991,testProject,06/29/2013 10:59:24,06/29/2013 11:15:55
2237,testProject,06/29/2013 12:59:27,06/29/2013 13:36:44
703,testProject,06/29/2013 13:31:03,06/29/2013 13:42:46
1111,testProject,06/29/2013 14:30:25,06/29/2013 14:48:56
755,testProject,06/29/2013 15:20:36,06/29/2013 15:33:11
1832,testProject,06/29/2013 15:49:14,06/29/2013 16:19:46
1114,testProject,06/29/2013 16:27:11,06/29/2013 16:45:45
1977,testProject,06/29/2013 16:52:16,06/29/2013 17:25:13
1839,testProject,06/29/2013 17:58:17,06/29/2013 18:28:56
2041,testProject,06/29/2013 18:56:45,06/29/2013 19:30:46
2813,testProject,06/29/2013 19:30:21,06/29/2013 20:17:14
2506,testProject,06/29/2013 22:09:13,06/29/2013 22:50:59
3217,testProject,06/29/2013 22:55:15,06/29/2013 23:48:52
207,testProject,06/29/2013 23:39:17,06/29/2013 23:42:44
2644,testProject,06/29/2013 23:59:02,06/29/2013 00:43:06
3245,testProject,06/30/2013 00:47:29,06/30/2013 01:41:34
900,testProject,06/30/2013 01:12:46,06/30/2013 01:27:46
178,testProject,06/30/2013 02:27:24,06/30/2013 02:30:22
2350,testProject,06/30/2013 02:55:43,06/30/2013 03:34:53
710,testProject,06/30/2013 06:04:50,06/30/2013 06:16:40
2833,testProject,06/30/2013 08:00:41,06/30/2013 08:47:54
3103,testProject,06/30/2013 10:39:17,06/30/2013 11:31:00
1923,testProject,06/30/2013 12:37:14,06/30/2013 13:09:17
376,testProject,06/30/2013 14:45:53,06/30/2013 14:52:09
2552,testProject,06/30/2013 15:18:41,06/30/2013 16:01:13
1183,testProject,06/30/2013 19:01:14,06/30/2013 19:20:57
642,testProject,06/30/2013 20:58:31,06/30/2013 21:09:13
1615,testProject,06/30/2013 23:25:56,06/30/2013 23:52:51
1867,testProject,07/01/2013 01:40:25,07/01/2013 02:11:32
516,testProject,07/01/2013 02:30:35,07/01/2013 02:39:11
1522,testProject,07/01/2013 06:22:40,07/01/2013 06:48:02
2238,testProject,07/01/2013 07:24:58,07/01/2013 08:02:16
2730,testProject,07/01/2013 08:16:48,07/01/2013 09:02:18
1730,testProject,07/01/2013 09:14:41,07/01/2013 09:43:31
280,testProject,07/01/2013 10:11:49,07/01/2013 10:16:29
1018,testProject,07/01/2013 10:20:15,07/01/2013 10:37:13
22,testProject,07/01/2013 10:57:34,07/01/2013 10:57:56
9,testProject,07/01/2013 10:58:59,07/01/2013 10:59:08
1763,testProject,07/01/2013 10:59:42,07/01/2013 11:29:05
3399,testProject,07/01/2013 11:58:07,07/01/2013 12:54:46
1997,testProject,07/01/2013 15:43:51,07/01/2013 16:17:08
153,testProject,07/01/2013 17:41:13,07/01/2013 17:43:46
1131,testProject,07/01/2013 18:57:39,07/01/2013 19:16:30
150,testProject,07/01/2013 21:59:44,07/01/2013 22:02:14
3382,testProject,07/01/2013 23:45:37,07/01/2013 00:41:59
1147,testProject,07/02/2013 00:58:06,07/02/2013 01:17:13
13,testProject,07/02/2013 01:21:38,07/02/2013 01:21:51
2680,testProject,07/02/2013 01:40:25,07/02/2013 02:25:05
2190,testProject,07/02/2013 02:45:44,07/02/2013 03:22:14
2587,testProject,07/02/2013 04:22:54,07/02/2013 05:06:01
2300,testProject,07/02/2013 06:54:26,07/02/2013 07:32:46
818,testProject,07/02/2013 07:10:12,07/02/2013 07:23:50
975,testProject,07/02/2013 08:05:20,07/02/2013 08:21:35
2583,testProject,07/02/2013 09:17:47,07/02/2013 10:00:50
433,testProject,07/02/2013 11:27:14,07/02/2013 11:34:27
649,testProject,07/02/2013 13:33:00,07/02/2013 13:43:49
2108,testProject,07/02/2013 14:26:45,07/02/2013 15:01:53
222,testProject,07/02/2013 15:53:06,07/02/2013 15:56:48
2626,testProject,07/02/2013 15:59:52,07/02/2013 16:43:38
754,testProject,07/02/2013 17:04:05,07/02/2013 17:16:39
1801,testProject,07/02/2013 18:01:51,07/02/2013 18:31:52
2898,testProject,07/02/2013 18:40:33,07/02/2013 19:28:51
390,testProject,07/02/2013 20:07:02,07/02/2013 20:13:32
832,testProject,07/02/2013 20:48:36,07/02/2013 21:02:28
1765,testProject,07/02/2013 21:26:52,07/02/2013 21:56:17
739,testProject,07/02/2013 21:59:35,07/02/2013 22:11:54
1787,testProject,07/02/2013 22:22:42,07/02/2013 22:52:29
1193,testProject,07/03/2013 01:37:11,07/03/2013 01:57:04
2454,testProject,07/03/2013 02:27:43,07/03/2013 03:08:37
2759,testProject,07/03/2013 03:47:34,07/03/2013 04:33:33
3252,testProject,07/03/2013 05:09:49,07/03/2013 06:04:01
1357,testProject,07/03/2013 06:56:54,07/03/2013 07:19:31
3577,testProject,07/03/2013 10:56:14,07/03/2013 11:55:51
2594,testProject,07/03/2013 11:01:56,07/03/2013 11:45:10
2849,testProject,07/03/2013 11:57:15,07/03/2013 12:44:44
1690,testProject,07/03/2013 12:20:51,07/03/2013 12:49:01
569,testProject,07/03/2013 12:57:50,07/03/2013 13:07:19
1528,testProject,07/03/2013 13:51:16,07/03/2013 14:16:44
1228,testProject,07/03/2013 14:28:50,07/03/2013 14:49:18
2619,testProject,07/03/2013 14:50:32,07/03/2013 15:34:11
1662,testProject,07/03/2013 15:32:03,07/03/2013 15:59:45
825,testProject,07/03/2013 17:32:05,07/03/2013 17:45:50
385,testProject,07/03/2013 17:46:13,07/03/2013 17:52:38
2379,testProject,07/03/2013 18:09:28,07/03/2013 18:49:07
3565,testProject,07/03/2013 20:53:54,07/03/2013 21:53:19
1660,testProject,07/03/2013 21:13:53,07/03/2013 21:41:33
3245,testProject,07/03/2013 22:50:33,07/03/2013 23:44:38
1112,testProject,07/04/2013 00:01:09,07/04/2013 00:19:41
1042,testProject,07/04/2013 01:14:35,07/04/2013 01:31:57
1311,testProject,07/04/2013 01:53:07,07/04/2013 02:14:58
783,testProject,07/04/2013 03:47:44,07/04/2013 04:00:47
935,testProject,07/04/2013 04:58:54,07/04/2013 05:14:29
2503,testProject,07/04/2013 05:50:12,07/04/2013 06:31:55
3396,testProject,07/04/2013 06:35:39,07/04/2013 07:32:15
3146,testProject,07/04/2013 08:36:58,07/04/2013 09:29:24
557,testProject,07/04/2013 09:28:47,07/04/2013 09:38:04
2195,testProject,07/04/2013 09:59:27,07/04/2013 10:36:02
458,testProject,07/04/2013 10:42:57,07/04/2013 10:50:35
1283,testProject,07/04/2013 11:08:28,07/04/2013 11:29:51
3376,testProject,07/04/2013 12:09:03,07/04/2013 13:05:19
749,testProject,07/04/2013 13:41:00,07/04/2013 13:53:29
2718,testProject,07/04/2013 13:58:21,07/04/2013 14:43:39
2581,testProject,07/04/2013 14:26:36,07/04/2013 15:09:37
803,testProject,07/04/2013 15:51:29,07/04/2013 16:04:52
827,testProject,07/04/2013 16:56:43,07/04/2013 17:10:30
301,testProject,07/04/2013 18:42:38,07/04/2013 18:47:39
2987,testProject,07/04/2013 18:58:06,07/04/2013 19:47:53
316,testProject,07/04/2013 19:47:42,07/04/2013 19:52:58
712,testProject,07/04/2013 22:52:02,07/04/2013 23:03:54
1713,testProject,07/04/2013 23:36:51,07/04/2013 00:05:24
3420,testProject,07/05/2013 00:37:11,07/05/2013 01:34:11
500,testProject,07/05/2013 01:34:19,07/05/2013 01:42:39
2562,testProject,07/05/2013 01:52:11,07/05/2013 02:34:53
972,testProject,07/05/2013 02:59:26,07/05/2013 03:15:38
3409,testProject,07/05/2013 04:37:35,07/05/2013 05:34:24
1402,testProject,07/05/2013 05:31:08,07/05/2013 05:54:30
3070,testProject,07/05/2013 05:55:29,07/05/2013 06:46:39
2224,testProject,07/05/2013 07:55:56,07/05/2013 08:33:00
363,testProject,07/05/2013 09:40:47,07/05/2013 09:46:50
2487,testProject,07/05/2013 10:01:30,07/05/2013 10:42:57
3515,testProject,07/05/2013 11:35:57,07/05/2013 12:34:32
3516,testProject,07/05/2013 14:39:21,07/05/2013 15:37:57
438,testProject,07/05/2013 15:59:40,07/05/2013 16:06:58
244,testProject,07/05/2013 16:30:51,07/05/2013 16:34:55
233,testProject,07/05/2013 16:38:28,07/05/2013 16:42:21
1566,testProject,07/05/2013 16:51:02,07/05/2013 17:17:08
637,testProject,07/05/2013 17:52:11,07/05/2013 18:02:48
1824,testProject,07/05/2013 18:11:52,07/05/2013 18:42:16
3552,testProject,07/05/2013 19:44:42,07/05/2013 20:43:54
1071,testProject,07/06/2013 00:25:45,07/06/2013 00:43:36
1835,testProject,07/06/2013 00:56:56,07/06/2013 01:27:31
1404,testProject,07/06/2013 01:44:40,07/06/2013 02:08:04
3547,testProject,07/06/2013 02:17:09,07/06/2013 03:16:16
1031,testProject,07/06/2013 04:25:26,07/06/2013 04:42:37
2817,testProject,07/06/2013 05:13:21,07/06/2013 06:00:18
1545,testProject,07/06/2013 06:17:40,07/06/2013 06:43:25
2721,testProject,07/06/2013 06:59:15,07/06/2013 07:44:36
2685,testProject,07/06/2013 09:36:46,07/06/2013 10:21:31
3157,testProject,07/06/2013 10:59:14,07/06/2013 11:51:51
1492,testProject,07/06/2013 13:58:19,07/06/2013 14:23:11
2891,testProject,07/06/2013 14:05:59,07/06/2013 14:54:10
1065,testProject,07/06/2013 15:23:12,07/06/2013 15:40:57
1877,testProject,07/06/2013 15:41:14,07/06/2013 16:12:31
1178,testProject,07/06/2013 16:02:46,07/06/2013 16:22:24
3142,testProject,07/06/2013 16:37:28,07/06/2013 17:29:50
2513,testProject,07/06/2013 17:19:21,07/06/2013 18:01:14
111,testProject,07/06/2013 19:10:33,07/06/2013 19:12:24
2026,testProject,07/06/2013 20:09:19,07/06/2013 20:43:05
3573,testProject,07/07/2013 00:58:02,07/07/2013 01:57:35
3562,testProject,07/07/2013 01:59:18,07/07/2013 02:58:40
1989,testProject,07/07/2013 02:22:57,07/07/2013 02:56:06
2087,testProject,07/07/2013 03:13:27,07/07/2013 03:48:14
754,testProject,07/07/2013 05:00:30,07/07/2013 05:13:04
357,testProject,07/07/2013 07:05:24,07/07/2013 07:11:21
1598,testProject,07/07/2013 07:19:17,07/07/2013 07:45:55
264,testProject,07/07/2013 07:52:40,07/07/2013 07:57:04
758,testProject,07/07/2013 07:58:32,07/07/2013 08:11:10
733,testProject,07/07/2013 08:15:36,07/07/2013 08:27:49
875,testProject,07/07/2013 08:41:52,07/07/2013 08:56:27
2335,testProject,07/07/2013 10:16:08,07/07/2013 10:55:03
1169,testProject,07/07/2013 10:59:13,07/07/2013 11:18:42
1759,testProject,07/07/2013 11:46:15,07/07/2013 12:15:34
521,testProject,07/07/2013 12:12:49,07/07/2013 12:21:30
2167,testProject,07/07/2013 12:55:39,07/07/2013 13:31:46
3224,testProject,07/07/2013 14:57:16,07/07/2013 15:51:00
1044,testProject,07/07/2013 15:11:18,07/07/2013 15:28:42
1974,testProject,07/07/2013 16:23:41,07/07/2013 16:56:35
1823,testProject,07/07/2013 18:43:08,07/07/2013 19:13:31
716,testProject,07/07/2013 22:59:49,07/07/2013 23:11:45
1880,testProject,07/07/2013 23:57:43,07/07/2013 00:29:03
293,testProject,07/08/2013 00:47:45,07/08/2013 00:52:38
505,testProject,07/08/2013 00:54:42,07/08/2013 01:03:07
2523,testProject,07/08/2013 02:52:25,07/08/2013 03:34:28
60,testProject,07/08/2013 03:42:18,07/08/2013 03:43:18
1710,testProject,07/08/2013 03:45:25,07/08/2013 04:13:55
2713,testProject,07/08/2013 05:01:46,07/08/2013 05:46:59
3448,testProject,07/08/2013 05:48:49,07/08/2013 06:46:17
3492,testProject,07/08/2013 06:49:24,07/08/2013 07:47:36
353,testProject,07/08/2013 07:45:31,07/08/2013 07:51:24
3389,testProject,07/08/2013 09:27:02,07/08/2013 10:23:31
2387,testProject,07/08/2013 15:58:54,07/08/2013 16:38:41
3283,testProject,07/08/2013 17:29:28,07/08/2013 18:24:11
13,testProject,07/08/2013 18:59:14,07/08/2013 18:59:27
1380,testProject,07/08/2013 19:22:37,07/08/2013 19:45:37
2092,testProject,07/08/2013 22:58:35,07/08/2013 23:33:27
1085,testProject,07/09/2013 01:20:19,07/09/2013 01:38:24
961,testProject,07/09/2013 02:30:16,07/09/2013 02:46:17
2597,testProject,07/09/2013 02:48:46,07/09/2013 03:32:03
236,testProject,07/09/2013 03:55:21,07/09/2013 03:59:17
500,testProject,07/09/2013 03:59:40,07/09/2013 04:08:00
3109,testProject,07/09/2013 04:07:13,07/09/2013 04:59:02
2837,testProject,07/09/2013 05:01:41,07/09/2013 05:48:58
60,testProject,07/09/2013 07:57:42,07/09/2013 07:58:42
3528,testProject,07/09/2013 07:59:29,07/09/2013 08:58:17
711,testProject,07/09/2013 09:48:04,07/09/2013 09:59:55
1819,testProject,07/09/2013 09:59:58,07/09/2013 10:30:17
2046,testProject,07/09/2013 11:29:06,07/09/2013 12:03:12
1771,testProject,07/09/2013 12:42:45,07/09/2013 13:12:16
572,testProject,07/09/2013 13:29:43,07/09/2013 13:39:15
3359,testProject,07/09/2013 14:58:32,07/09/2013 15:54:31
2741,testProject,07/09/2013 15:55:59,07/09/2013 16:41:40
845,testProject,07/09/2013 16:00:17,07/09/2013 16:14:22
2757,testProject,07/09/2013 17:46:36,07/09/2013 18:32:33
3145,testProject,07/09/2013 18:24:59,07/09/2013 19:17:24
797,testProject,07/09/2013 19:01:21,07/09/2013 19:14:38
634,testProject,07/09/2013 20:43:24,07/09/2013 20:53:58
480,testProject,07/09/2013 22:08:49,07/09/2013 22:16:49
778,testProject,07/09/2013 22:51:41,07/09/2013 23:04:39
1858,testProject,07/09/2013 23:53:41,07/09/2013 00:24:39
696,testProject,07/10/2013 00:59:45,07/10/2013 01:11:21
930,testProject,07/10/2013 01:03:06,07/10/2013 01:18:36
1169,testProject,07/10/2013 02:01:18,07/10/2013 02:20:47
2210,testProject,07/10/2013 04:38:28,07/10/2013 05:15:18
1020,testProject,07/10/2013 05:59:22,07/10/2013 06:16:22
3541,testProject,07/10/2013 06:30:18,07/10/2013 07:29:19
641,testProject,07/10/2013 08:03:12,07/10/2013 08:13:53
1624,testProject,07/10/2013 09:55:32,07/10/2013 10:22:36
81,testProject,07/10/2013 10:28:39,07/10/2013 10:30:00
3103,testProject,07/10/2013 10:57:38,07/10/2013 11:49:21
2820,testProject,07/10/2013 11:41:42,07/10/2013 12:28:42
2762,testProject,07/10/2013 12:40:24,07/10/2013 13:26:26
3037,testProject,07/10/2013 14:06:27,07/10/2013 14:57:04
2985,testProject,07/10/2013 14:57:33,07/10/2013 15:47:18
2873,testProject,07/10/2013 15:37:55,07/10/2013 16:25:48
395,testProject,07/10/2013 16:47:44,07/10/2013 16:54:19
58,testProject,07/10/2013 18:22:19,07/10/2013 18:23:17
2812,testProject,07/10/2013 19:34:51,07/10/2013 20:21:43
3293,testProject,07/10/2013 20:05:46,07/10/2013 21:00:39
2619,testProject,07/10/2013 21:13:35,07/10/2013 21:57:14
2539,testProject,07/10/2013 21:59:19,07/10/2013 22:41:38
843,testProject,07/10/2013 22:41:26,07/10/2013 22:55:29
211,testProject,07/10/2013 22:56:31,07/10/2013 23:00:02
1355,testProject,07/10/2013 23:48:58,07/10/2013 00:11:33
3013,testProject,07/11/2013 03:08:38,07/11/2013 03:58:51
3318,testProject,07/11/2013 06:40:21,07/11/2013 07:35:39
862,testProject,07/11/2013 08:59:19,07/11/2013 09:13:41
1684,testProject,07/11/2013 10:07:08,07/11/2013 10:35:12
2579,testProject,07/11/2013 11:40:59,07/11/2013 12:23:58
30,testProject,07/11/2013 12:36:37,07/11/2013 12:37:07
1875,testProject,07/11/2013 15:12:20,07/11/2013 15:43:35
2440,testProject,07/11/2013 15:55:10,07/11/2013 16:35:50
1281,testProject,07/11/2013 21:27:47,07/11/2013 21:49:08
2560,testProject,07/11/2013 22:19:05,07/11/2013 23:01:45
2800,testProject,07/11/2013 23:41:15,07/11/2013 00:27:55
3284,testProject,07/12/2013 01:00:52,07/12/2013 01:55:36
2621,testProject,07/12/2013 01:57:47,07/12/2013 02:41:28
480,testProject,07/12/2013 04:32:57,07/12/2013 04:40:57
2344,testProject,07/12/2013 04:45:54,07/12/2013 05:24:58
2251,testProject,07/12/2013 06:13:21,07/12/2013 06:50:52
2720,testProject,07/12/2013 07:56:01,07/12/2013 08:41:21
728,testProject,07/12/2013 09:33:48,07/12/2013 09:45:56
2172,testProject,07/12/2013 09:56:22,07/12/2013 10:32:34
2315,testProject,07/12/2013 15:11:57,07/12/2013 15:50:32
496,testProject,07/12/2013 15:54:16,07/12/2013 16:02:32
2870,testProject,07/12/2013 16:54:41,07/12/2013 17:42:31
1974,testProject,07/12/2013 19:34:19,07/12/2013 20:07:13
2101,testProject,07/12/2013 20:37:28,07/12/2013 21:12:29
1704,testProject,07/12/2013 21:01:34,07/12/2013 21:29:58
36,testProject,07/12/2013 21:46:54,07/12/2013 21:47:30
389,testProject,07/12/2013 21:51:20,07/12/2013 21:57:49
1393,testProject,07/12/2013 23:05:53,07/12/2013 23:29:06
253,testProject,07/12/2013 23:56:24,07/12/2013 00:00:37
2511,testProject,07/13/2013 00:11:25,07/13/2013 00:53:16
919,testProject,07/13/2013 03:41:16,07/13/2013 03:56:35
3514,testProject,07/13/2013 03:56:48,07/13/2013 04:55:22
1710,testProject,07/13/2013 04:53:45,07/13/2013 05:22:15
2338,testProject,07/13/2013 06:13:49,07/13/2013 06:52:47
2047,testProject,07/13/2013 09:57:56,07/13/2013 10:32:03
2223,testProject,07/13/2013 10:23:26,07/13/2013 11:00:29
660,testProject,07/13/2013 11:34:20,07/13/2013 11:45:20
2993,testProject,07/13/2013 11:49:52,07/13/2013 12:39:45
1633,testProject,07/13/2013 13:37:18,07/13/2013 14:04:31
3273,testProject,07/13/2013 14:31:13,07/13/2013 15:25:46
441,testProject,07/13/2013 18:32:58,07/13/2013 18:40:19
2193,testProject,07/13/2013 20:35:33,07/13/2013 21:12:06
1404,testProject,07/13/2013 21:44:46,07/13/2013 22:08:10
1236,testProject,07/13/2013 22:56:49,07/13/2013 23:17:25
876,testProject,07/14/2013 01:58:19,07/14/2013 02:12:55
2977,testProject,07/14/2013 03:06:40,07/14/2013 03:56:17
198,testProject,07/14/2013 03:59:57,07/14/2013 04:03:15
1561,testProject,07/14/2013 04:15:00,07/14/2013 04:41:01
603,testProject,07/14/2013 05:58:04,07/14/2013 06:08:07
1986,testProject,07/14/2013 08:13:14,07/14/2013 08:46:20
1727,testProject,07/14/2013 08:50:10,07/14/2013 09:18:57
903,testProject,07/14/2013 11:17:40,07/14/2013 11:32:43
2132,testProject,07/14/2013 11:55:36,07/14/2013 12:31:08
1560,testProject,07/14/2013 13:54:34,07/14/2013 14:20:34
2284,testProject,07/14/2013 16:31:06,07/14/2013 17:09:10
58,testProject,07/14/2013 17:59:12,07/14/2013 18:00:10
2278,testProject,07/14/2013 18:04:14,07/14/2013 18:42:12
2898,testProject,07/14/2013 18:42:51,07/14/2013 19:31:09
1992,testProject,07/14/2013 19:08:49,07/14/2013 19:42:01
34,testProject,07/14/2013 19:51:02,07/14/2013 19:51:36
1502,testProject,07/14/2013 21:29:01,07/14/2013 21:54:03
39,testProject,07/14/2013 21:57:04,07/14/2013 21:57:43
1040,testProject,07/14/2013 22:42:19,07/14/2013 22:59:39
3593,testProject,07/14/2013 22:59:59,07/14/2013 23:59:52
3172,testProject,07/14/2013 23:25:27,07/14/2013 00:18:19
684,testProject,07/15/2013 00:54:13,07/15/2013 01:05:37
2346,testProject,07/15/2013 02:53:05,07/15/2013 03:32:11
828,testProject,07/15/2013 04:15:35,07/15/2013 04:29:23
2640,testProject,07/15/2013 08:48:08,07/15/2013 09:32:08
1838,testProject,07/15/2013 09:58:52,07/15/2013 10:29:30
2828,testProject,07/15/2013 10:55:27,07/15/2013 11:42:35
722,testProject,07/15/2013 11:48:48,07/15/2013 12:00:50
1161,testProject,07/15/2013 12:31:29,07/15/2013 12:50:50
2546,testProject,07/15/2013 12:59:29,07/15/2013 13:41:55
922,testProject,07/15/2013 13:18:53,07/15/2013 13:34:15
1053,testProject,07/15/2013 13:38:27,07/15/2013 13:56:00
525,testProject,07/15/2013 13:59:33,07/15/2013 14:08:18
1378,testProject,07/15/2013 14:57:05,07/15/2013 15:20:03
974,testProject,07/15/2013 15:43:02,07/15/2013 15:59:16
3420,testProject,07/15/2013 15:59:54,07/15/2013 16:56:54
2510,testProject,07/15/2013 17:39:51,07/15/2013 18:21:41
2626,testProject,07/15/2013 20:38:15,07/15/2013 21:22:01
3084,testProject,07/15/2013 21:37:31,07/15/2013 22:28:55
1477,testProject,07/15/2013 22:56:31,07/15/2013 23:21:08
2559,testProject,07/16/2013 01:32:52,07/16/2013 02:15:31
593,testProject,07/16/2013 02:22:08,07/16/2013 02:32:01
2429,testProject,07/16/2013 03:59:26,07/16/2013 04:39:55
882,testProject,07/16/2013 05:52:32,07/16/2013 06:07:14
2747,testProject,07/16/2013 07:52:44,07/16/2013 08:38:31
3017,testProject,07/16/2013 08:18:32,07/16/2013 09:08:49
1916,testProject,07/16/2013 12:02:38,07/16/2013 12:34:34
1414,testProject,07/16/2013 18:29:06,07/16/2013 18:52:40
2820,testProject,07/16/2013 18:57:44,07/16/2013 19:44:44
1606,testProject,07/16/2013 20:18:53,07/16/2013 20:45:39
2026,testProject,07/16/2013 21:08:18,07/16/2013 21:42:04
1230,testProject,07/16/2013 22:25:42,07/16/2013 22:46:12
2417,testProject,07/16/2013 23:00:29,07/16/2013 23:40:46
3396,testProject,07/16/2013 23:56:16,07/16/2013 00:52:52
1654,testProject,07/17/2013 00:58:14,07/17/2013 01:25:48
3220,testProject,07/17/2013 01:29:08,07/17/2013 02:22:48
2477,testProject,07/17/2013 02:01:44,07/17/2013 02:43:01
1479,testProject,07/17/2013 02:45:46,07/17/2013 03:10:25
1379,testProject,07/17/2013 04:42:21,07/17/2013 05:05:20
2604,testProject,07/17/2013 05:58:28,07/17/2013 06:41:52
652,testProject,07/17/2013 06:06:45,07/17/2013 06:17:37
24,testProject,07/17/2013 11:03:29,07/17/2013 11:03:53
531,testProject,07/17/2013 12:26:13,07/17/2013 12:35:04
1297,testProject,07/17/2013 14:45:47,07/17/2013 15:07:24
1028,testProject,07/17/2013 16:25:15,07/17/2013 16:42:23
1356,testProject,07/17/2013 16:59:35,07/17/2013 17:22:11
1406,testProject,07/17/2013 17:38:53,07/17/2013 18:02:19
3279,testProject,07/17/2013 18:45:43,07/17/2013 19:40:22
1630,testProject,07/17/2013 19:50:22,07/17/2013 20:17:32
607,testProject,07/17/2013 21:22:45,07/17/2013 21:32:52
1819,testProject,07/18/2013 00:39:05,07/18/2013 01:09:24
2409,testProject,07/18/2013 02:53:20,07/18/2013 03:33:29
3425,testProject,07/18/2013 03:36:11,07/18/2013 04:33:16
1918,testProject,07/18/2013 05:16:31,07/18/2013 05:48:29
877,testProject,07/18/2013 07:04:43,07/18/2013 07:19:20
3298,testProject,07/18/2013 07:35:56,07/18/2013 08:30:54
3356,testProject,07/18/2013 08:29:10,07/18/2013 09:25:06
2361,testProject,07/18/2013 10:01:16,07/18/2013 10:40:37
1573,testProject,07/18/2013 13:20:11,07/18/2013 13:46:24
3416,testProject,07/18/2013 13:59:13,07/18/2013 14:56:09
3101,testProject,07/18/2013 17:57:06,07/18/2013 18:48:47
1681,testProject,07/18/2013 18:52:03,07/18/2013 19:20:04
2183,testProject,07/18/2013 20:36:58,07/18/2013 21:13:21
758,testProject,07/18/2013 22:27:06,07/18/2013 22:39:44
2166,testProject,07/19/2013 00:53:19,07/19/2013 01:29:25
2496,testProject,07/19/2013 01:38:30,07/19/2013 02:20:06
1827,testProject,07/19/2013 03:27:03,07/19/2013 03:57:30
2519,testProject,07/19/2013 04:09:24,07/19/2013 04:51:23
964,testProject,07/19/2013 04:53:20,07/19/2013 05:09:24
577,testProject,07/19/2013 07:31:55,07/19/2013 07:41:32
1713,testProject,07/19/2013 07:56:22,07/19/2013 08:24:55
1335,testProject,07/19/2013 08:38:37,07/19/2013 09:00:52
248,testProject,07/19/2013 09:29:30,07/19/2013 09:33:38
3462,testProject,07/19/2013 10:45:12,07/19/2013 11:42:54
943,testProject,07/19/2013 11:21:43,07/19/2013 11:37:26
1700,testProject,07/19/2013 11:38:02,07/19/2013 12:06:22
934,testProject,07/19/2013 12:16:13,07/19/2013 12:31:47
123,testProject,07/19/2013 14:37:38,07/19/2013 14:39:41
1728,testProject,07/19/2013 15:03:09,07/19/2013 15:31:57
799,testProject,07/19/2013 15:41:52,07/19/2013 15:55:11
2738,testProject,07/19/2013 15:56:49,07/19/2013 16:42:27
481,testProject,07/19/2013 16:04:57,07/19/2013 16:12:58
1630,testProject,07/19/2013 18:54:51,07/19/2013 19:22:01
3499,testProject,07/19/2013 20:17:54,07/19/2013 21:16:13
2514,testProject,07/19/2013 21:04:36,07/19/2013 21:46:30
1372,testProject,07/19/2013 22:19:53,07/19/2013 22:42:45
1709,testProject,07/19/2013 22:47:30,07/19/2013 23:15:59
2376,testProject,07/20/2013 02:12:05,07/20/2013 02:51:41
2593,testProject,07/20/2013 03:18:37,07/20/2013 04:01:50
1774,testProject,07/20/2013 06:54:25,07/20/2013 07:23:59
980,testProject,07/20/2013 07:31:58,07/20/2013 07:48:18
827,testProject,07/20/2013 09:40:42,07/20/2013 09:54:29
2636,testProject,07/20/2013 09:57:36,07/20/2013 10:41:32
2327,testProject,07/20/2013 10:26:34,07/20/2013 11:05:21
1622,testProject,07/20/2013 12:59:05,07/20/2013 13:26:07
295,testProject,07/20/2013 14:03:37,07/20/2013 14:08:32
2528,testProject,07/20/2013 14:25:10,07/20/2013 15:07:18
1725,testProject,07/20/2013 16:21:02,07/20/2013 16:49:47
3586,testProject,07/20/2013 17:54:25,07/20/2013 18:54:11
73,testProject,07/20/2013 18:17:16,07/20/2013 18:18:29
3426,testProject,07/20/2013 18:57:59,07/20/2013 19:55:05
2300,testProject,07/20/2013 19:11:04,07/20/2013 19:49:24
1954,testProject,07/20/2013 19:57:51,07/20/2013 20:30:25
1139,testProject,07/20/2013 20:23:35,07/20/2013 20:42:34
1201,testProject,07/20/2013 20:53:13,07/20/2013 21:13:14
1451,testProject,07/20/2013 22:10:52,07/20/2013 22:35:03
2190,testProject,07/21/2013 00:16:28,07/21/2013 00:52:58
3378,testProject,07/21/2013 02:47:43,07/21/2013 03:44:01
1714,testProject,07/21/2013 03:24:35,07/21/2013 03:53:09
1968,testProject,07/21/2013 09:39:36,07/21/2013 10:12:24
2262,testProject,07/21/2013 11:22:47,07/21/2013 12:00:29
1883,testProject,07/21/2013 12:49:10,07/21/2013 13:20:33
1673,testProject,07/21/2013 13:30:11,07/21/2013 13:58:04
3216,testProject,07/21/2013 14:12:48,07/21/2013 15:06:24
1051,testProject,07/21/2013 16:40:35,07/21/2013 16:58:06
3253,testProject,07/21/2013 16:58:07,07/21/2013 17:52:20
2516,testProject,07/21/2013 18:27:21,07/21/2013 19:09:17
599,testProject,07/21/2013 21:14:41,07/21/2013 21:24:40
2674,testProject,07/21/2013 22:10:06,07/21/2013 22:54:40
2422,testProject,07/21/2013 23:35:30,07/21/2013 00:15:52
1101,testProject,07/22/2013 00:05:08,07/22/2013 00:23:29
3413,testProject,07/22/2013 00:55:34,07/22/2013 01:52:27
3547,testProject,07/22/2013 02:12:02,07/22/2013 03:11:09
708,testProject,07/22/2013 03:12:05,07/22/2013 03:23:53
2452,testProject,07/22/2013 03:30:51,07/22/2013 04:11:43
1034,testProject,07/22/2013 05:45:53,07/22/2013 06:03:07
1267,testProject,07/22/2013 06:50:30,07/22/2013 07:11:37
3282,testProject,07/22/2013 07:41:18,07/22/2013 08:36:00
1830,testProject,07/22/2013 09:22:43,07/22/2013 09:53:13
1269,testProject,07/22/2013 09:59:08,07/22/2013 10:20:17
93,testProject,07/22/2013 10:50:43,07/22/2013 10:52:16
1426,testProject,07/22/2013 11:03:16,07/22/2013 11:27:02
1123,testProject,07/22/2013 11:37:11,07/22/2013 11:55:54
1484,testProject,07/22/2013 12:57:38,07/22/2013 13:22:22
52,testProject,07/22/2013 13:14:09,07/22/2013 13:15:01
1139,testProject,07/22/2013 13:57:59,07/22/2013 14:16:58
1835,testProject,07/22/2013 15:08:54,07/22/2013 15:39:29
2143,testProject,07/22/2013 16:38:20,07/22/2013 17:14:03
2592,testProject,07/22/2013 20:03:53,07/22/2013 20:47:05
2330,testProject,07/22/2013 22:56:22,07/22/2013 23:35:12
451,testProject,07/23/2013 00:36:04,07/23/2013 00:43:35
2222,testProject,07/23/2013 01:08:34,07/23/2013 01:45:36
3040,testProject,07/23/2013 01:51:00,07/23/2013 02:41:40
3080,testProject,07/23/2013 02:43:15,07/23/2013 03:34:35
3350,testProject,07/23/2013 05:23:11,07/23/2013 06:19:01
2659,testProject,07/23/2013 07:27:39,07/23/2013 08:11:58
1718,testProject,07/23/2013 08:24:29,07/23/2013 08:53:07
1887,testProject,07/23/2013 10:37:32,07/23/2013 11:08:59
1016,testProject,07/23/2013 11:13:16,07/23/2013 11:30:12
1090,testProject,07/23/2013 12:40:31,07/23/2013 12:58:41
3529,testProject,07/23/2013 15:52:07,07/23/2013 16:50:56
1833,testProject,07/23/2013 18:49:54,07/23/2013 19:20:27
1753,testProject,07/23/2013 20:22:09,07/23/2013 20:51:22
1602,testProject,07/23/2013 20:54:00,07/23/2013 21:20:42
116,testProject,07/23/2013 22:18:08,07/23/2013 22:20:04
905,testProject,07/23/2013 22:52:19,07/23/2013 23:07:24
64,testProject,07/23/2013 23:36:52,07/23/2013 23:37:56
2796,testProject,07/24/2013 00:54:33,07/24/2013 01:41:09
47,testProject,07/24/2013 01:37:43,07/24/2013 01:38:30
3285,testProject,07/24/2013 01:53:25,07/24/2013 02:48:10
2525,testProject,07/24/2013 04:50:39,07/24/2013 05:32:44
2615,testProject,07/24/2013 05:22:59,07/24/2013 06:06:34
2530,testProject,07/24/2013 06:59:11,07/24/2013 07:41:21
2813,testProject,07/24/2013 08:44:34,07/24/2013 09:31:27
1759,testProject,07/24/2013 09:57:53,07/24/2013 10:27:12
962,testProject,07/24/2013 10:59:56,07/24/2013 11:15:58
1414,testProject,07/24/2013 11:21:24,07/24/2013 11:44:58
3496,testProject,07/24/2013 12:45:49,07/24/2013 13:44:05
242,testProject,07/24/2013 13:50:54,07/24/2013 13:54:56
43,testProject,07/24/2013 13:55:32,07/24/2013 13:56:15
1456,testProject,07/24/2013 13:58:49,07/24/2013 14:23:05
3121,testProject,07/24/2013 15:37:09,07/24/2013 16:29:10
3068,testProject,07/24/2013 16:55:14,07/24/2013 17:46:22
1727,testProject,07/24/2013 17:37:20,07/24/2013 18:06:07
2073,testProject,07/24/2013 19:11:09,07/24/2013 19:45:42
1393,testProject,07/24/2013 19:48:22,07/24/2013 20:11:35
2668,testProject,07/24/2013 20:39:50,07/24/2013 21:24:18
3036,testProject,07/24/2013 21:25:04,07/24/2013 22:15:40
259,testProject,07/24/2013 22:13:37,07/24/2013 22:17:56
2759,testProject,07/24/2013 22:52:23,07/24/2013 23:38:22
2238,testProject,07/24/2013 23:11:11,07/24/2013 23:48:29
2040,testProject,07/24/2013 23:53:25,07/24/2013 00:27:25
2634,testProject,07/25/2013 01:37:06,07/25/2013 02:21:00
2795,testProject,07/25/2013 02:49:46,07/25/2013 03:36:21
2868,testProject,07/25/2013 03:59:27,07/25/2013 04:47:15
617,testProject,07/25/2013 04:35:03,07/25/2013 04:45:20
3147,testProject,07/25/2013 04:56:47,07/25/2013 05:49:14
208,testProject,07/25/2013 05:23:30,07/25/2013 05:26:58
2136,testProject,07/25/2013 06:55:12,07/25/2013 07:30:48
3444,testProject,07/25/2013 07:09:47,07/25/2013 08:07:11
2392,testProject,07/25/2013 09:23:50,07/25/2013 10:03:42
734,testProject,07/25/2013 11:38:14,07/25/2013 11:50:28
2725,testProject,07/25/2013 14:56:12,07/25/2013 15:41:37
2382,testProject,07/25/2013 16:24:28,07/25/2013 17:04:10
2095,testProject,07/25/2013 17:10:05,07/25/2013 17:45:00
708,testProject,07/25/2013 18:59:07,07/25/2013 19:10:55
1085,testProject,07/25/2013 19:08:02,07/25/2013 19:26:07
919,testProject,07/25/2013 23:23:37,07/25/2013 23:38:56
934,testProject,07/26/2013 00:49:42,07/26/2013 01:05:16
2559,testProject,07/26/2013 01:40:14,07/26/2013 02:22:53
3032,testProject,07/26/2013 02:05:07,07/26/2013 02:55:39
2079,testProject,07/26/2013 04:55:32,07/26/2013 05:30:11
358,testProject,07/26/2013 05:38:12,07/26/2013 05:44:10
1703,testProject,07/26/2013 06:59:21,07/26/2013 07:27:44
2768,testProject,07/26/2013 07:54:02,07/26/2013 08:40:10
131,testProject,07/26/2013 09:01:24,07/26/2013 09:03:35
1883,testProject,07/26/2013 09:40:04,07/26/2013 10:11:27
924,testProject,07/26/2013 10:00:15,07/26/2013 10:15:39
3338,testProject,07/26/2013 10:47:59,07/26/2013 11:43:37
3556,testProject,07/26/2013 13:02:15,07/26/2013 14:01:31
201,testProject,07/26/2013 14:12:14,07/26/2013 14:15:35
3011,testProject,07/26/2013 14:52:03,07/26/2013 15:42:14
2297,testProject,07/26/2013 15:08:49,07/26/2013 15:47:06
2710,testProject,07/26/2013 16:38:35,07/26/2013 17:23:45
3037,testProject,07/26/2013 18:49:30,07/26/2013 19:40:07
1127,testProject,07/26/2013 20:18:33,07/26/2013 20:37:20
2029,testProject,07/26/2013 20:41:14,07/26/2013 21:15:03
