id,project,start,end
2,DSION PROPERTIES,07/10/2013 12:20:40,07/10/2013 12:20:42
1,DSION PROPERTIES,07/10/2013 12:20:36,unknown
2,DSION PROPERTIES,07/10/2013 12:45:55,07/10/2013 12:46:08
3,DSION PROPERTIES,07/10/2013 12:47:39,07/10/2013 12:47:52
3,DSION PROPERTIES,07/10/2013 12:48:35,07/10/2013 12:49:07
3,DSION PROPERTIES,07/10/2013 12:49:27,07/10/2013 12:49:49
3,DSION PROPERTIES,07/10/2013 12:49:51,07/10/2013 12:50:04
2,DSION PROPERTIES,07/10/2013 12:47:04,07/10/2013 12:52:47
3,DSION PROPERTIES,07/10/2013 12:52:32,07/10/2013 12:53:31
2,DSION PROPERTIES,07/10/2013 12:53:18,07/10/2013 12:54:10
1,DSION PROPERTIES,07/10/2013 12:44:48,07/10/2013 12:54:56
2,DSION PROPERTIES,07/10/2013 12:54:12,07/10/2013 12:55:49
1,DSION PROPERTIES,07/10/2013 12:56:06,07/10/2013 12:56:18
2,DSION PROPERTIES,07/10/2013 12:56:05,07/10/2013 12:56:39
1,DSION PROPERTIES,07/10/2013 12:56:37,07/10/2013 12:57:35
1,DSION PROPERTIES,07/10/2013 12:59:32,07/10/2013 12:59:44
1,DSION PROPERTIES,07/10/2013 13:00:04,07/10/2013 13:00:16
1,DSION PROPERTIES,07/10/2013 13:00:22,07/10/2013 13:00:42
2,DSION PROPERTIES,07/10/2013 13:09:23,07/10/2013 13:09:36
4,DSION PROPERTIES,07/10/2013 12:53:24,07/10/2013 13:10:55
4,DSION PROPERTIES,07/10/2013 13:10:59,07/10/2013 13:11:19
3,DSION PROPERTIES,07/10/2013 13:11:16,07/10/2013 13:11:31
4,DSION PROPERTIES,07/10/2013 13:11:22,07/10/2013 13:11:33
4,DSION PROPERTIES,07/10/2013 13:11:50,07/10/2013 13:12:02
4,DSION PROPERTIES,07/10/2013 13:12:27,07/10/2013 13:12:38
4,DSION PROPERTIES,07/10/2013 13:15:53,07/10/2013 13:16:06
3,DSION PROPERTIES,07/10/2013 13:15:57,07/10/2013 13:16:11
5,DSION PROPERTIES,07/10/2013 13:16:05,07/10/2013 13:16:18
5,DSION PROPERTIES,07/10/2013 13:16:21,07/10/2013 13:16:32
3,DSION PROPERTIES,07/10/2013 13:16:24,07/10/2013 13:16:38
4,DSION PROPERTIES,07/10/2013 13:16:31,07/10/2013 13:16:52
1,DSION PROPERTIES,07/10/2013 13:01:14,07/10/2013 13:17:53
1,DSION PROPERTIES,07/10/2013 13:18:00,07/10/2013 13:18:11
1,DSION PROPERTIES,07/10/2013 13:18:41,07/10/2013 13:18:56
1,DSION PROPERTIES,07/10/2013 13:19:09,07/10/2013 13:20:45
1,DSION PROPERTIES,07/10/2013 13:22:08,07/10/2013 13:22:24
2,DSION PROPERTIES,07/10/2013 13:10:42,07/10/2013 13:22:27
1,DSION PROPERTIES,07/10/2013 13:37:03,07/10/2013 13:37:14
4,DSION PROPERTIES,07/10/2013 13:37:06,07/10/2013 13:37:17
4,DSION PROPERTIES,07/10/2013 13:37:24,07/10/2013 13:37:41
1,DSION PROPERTIES,07/10/2013 13:37:32,07/10/2013 13:37:43
1,DSION PROPERTIES,07/10/2013 13:38:16,07/10/2013 13:38:28
2,DSION PROPERTIES,07/10/2013 13:26:55,07/10/2013 13:39:39
1,DSION PROPERTIES,07/10/2013 13:39:37,07/10/2013 13:39:49
2,DSION PROPERTIES,07/10/2013 13:40:21,07/10/2013 13:40:36
2,DSION PROPERTIES,07/10/2013 13:40:54,07/10/2013 13:41:07
4,DSION PROPERTIES,07/10/2013 13:43:34,07/10/2013 13:43:52
2,DSION PROPERTIES,07/10/2013 13:42:11,07/10/2013 13:44:37
4,DSION PROPERTIES,07/10/2013 13:44:28,07/10/2013 13:44:40
4,DSION PROPERTIES,07/10/2013 13:44:40,07/10/2013 13:44:51
2,DSION PROPERTIES,07/10/2013 13:44:42,07/10/2013 13:45:04
4,DSION PROPERTIES,07/10/2013 13:44:59,07/10/2013 13:45:13
2,DSION PROPERTIES,07/10/2013 13:46:42,07/10/2013 13:46:53
3,DSION PROPERTIES,07/10/2013 13:46:44,07/10/2013 13:47:06
2,DSION PROPERTIES,07/10/2013 13:47:00,07/10/2013 13:47:14
2,DSION PROPERTIES,07/10/2013 13:47:18,07/10/2013 13:47:32
3,DSION PROPERTIES,07/10/2013 13:47:26,07/10/2013 13:47:38
5,DSION PROPERTIES,07/10/2013 13:47:37,07/10/2013 13:47:49
2,DSION PROPERTIES,07/10/2013 13:47:34,07/10/2013 13:48:01
3,DSION PROPERTIES,07/10/2013 13:47:49,07/10/2013 13:48:11
3,DSION PROPERTIES,07/10/2013 13:48:12,07/10/2013 13:48:24
2,DSION PROPERTIES,07/10/2013 13:48:13,07/10/2013 13:48:25
3,DSION PROPERTIES,07/10/2013 13:48:24,07/10/2013 13:48:42
2,DSION PROPERTIES,07/10/2013 13:48:36,07/10/2013 13:48:50
4,DSION PROPERTIES,07/10/2013 13:46:29,07/10/2013 13:49:27
3,DSION PROPERTIES,07/10/2013 13:49:06,07/10/2013 13:49:46
2,DSION PROPERTIES,07/10/2013 13:48:59,07/10/2013 13:49:52
3,DSION PROPERTIES,07/10/2013 13:50:57,07/10/2013 13:51:10
2,DSION PROPERTIES,07/10/2013 13:50:52,07/10/2013 13:51:25
2,DSION PROPERTIES,07/10/2013 13:51:27,07/10/2013 13:51:40
3,DSION PROPERTIES,07/10/2013 13:51:15,07/10/2013 13:51:46
4,DSION PROPERTIES,07/10/2013 13:51:28,07/10/2013 13:51:49
4,DSION PROPERTIES,07/10/2013 13:51:52,07/10/2013 13:52:07
5,DSION PROPERTIES,07/10/2013 13:51:38,07/10/2013 13:52:07
3,DSION PROPERTIES,07/10/2013 13:52:00,07/10/2013 13:52:11
2,DSION PROPERTIES,07/10/2013 13:52:05,07/10/2013 13:52:29
2,DSION PROPERTIES,07/10/2013 13:53:15,07/10/2013 13:53:28
3,DSION PROPERTIES,07/10/2013 13:53:17,07/10/2013 13:53:40
3,DSION PROPERTIES,07/10/2013 13:53:49,07/10/2013 13:53:50
3,DSION PROPERTIES,07/10/2013 13:54:03,07/10/2013 13:54:16
3,DSION PROPERTIES,07/10/2013 13:54:19,07/10/2013 13:54:30
3,DSION PROPERTIES,07/10/2013 13:55:31,07/10/2013 13:56:02
2,DSION PROPERTIES,07/10/2013 13:55:51,07/10/2013 13:56:06
5,DSION PROPERTIES,07/10/2013 13:55:57,07/10/2013 13:56:08
2,DSION PROPERTIES,07/10/2013 13:58:49,07/10/2013 13:59:03
2,DSION PROPERTIES,07/10/2013 13:59:10,07/10/2013 13:59:21
2,DSION PROPERTIES,07/10/2013 14:00:00,07/10/2013 14:00:17
5,DSION PROPERTIES,07/10/2013 13:56:14,07/10/2013 14:01:18
2,DSION PROPERTIES,07/10/2013 14:01:15,07/10/2013 14:01:34
1,DSION PROPERTIES,07/10/2013 13:40:20,07/10/2013 14:02:11
1,DSION PROPERTIES,07/10/2013 14:02:23,07/10/2013 14:04:21
2,DSION PROPERTIES,07/10/2013 14:04:13,07/10/2013 14:04:24
1,DSION PROPERTIES,07/10/2013 14:10:45,07/10/2013 14:11:08
1,DSION PROPERTIES,07/10/2013 14:14:10,07/10/2013 14:14:24
1,DSION PROPERTIES,07/10/2013 14:14:35,07/10/2013 14:14:46
1,DSION PROPERTIES,07/10/2013 14:14:50,07/10/2013 14:15:05
1,DSION PROPERTIES,07/10/2013 14:15:53,07/10/2013 14:16:07
2,DSION PROPERTIES,07/10/2013 14:09:22,07/10/2013 14:25:45
2,DSION PROPERTIES,07/10/2013 14:25:49,07/10/2013 14:26:10
1,DSION PROPERTIES,07/10/2013 14:26:01,07/10/2013 14:26:16
1,DSION PROPERTIES,07/10/2013 14:30:45,07/10/2013 14:31:08
1,DSION PROPERTIES,07/10/2013 14:31:41,07/10/2013 14:31:54
3,DSION PROPERTIES,07/10/2013 14:34:37,07/10/2013 14:35:35
4,DSION PROPERTIES,07/10/2013 14:35:53,07/10/2013 14:36:05
1,DSION PROPERTIES,07/10/2013 14:32:41,07/10/2013 14:36:47
1,DSION PROPERTIES,07/10/2013 14:37:15,07/10/2013 14:37:26
3,DSION PROPERTIES,07/10/2013 14:35:39,07/10/2013 14:37:27
5,DSION PROPERTIES,07/10/2013 14:31:06,07/10/2013 14:38:39
3,DSION PROPERTIES,07/10/2013 14:38:59,07/10/2013 14:39:14
3,DSION PROPERTIES,07/10/2013 14:39:42,07/10/2013 14:39:53
3,DSION PROPERTIES,07/10/2013 14:40:11,07/10/2013 14:40:24
5,DSION PROPERTIES,07/10/2013 14:38:49,07/10/2013 14:42:14
5,DSION PROPERTIES,07/10/2013 14:43:21,07/10/2013 14:43:32
5,DSION PROPERTIES,07/10/2013 14:43:36,07/10/2013 14:43:58
5,DSION PROPERTIES,07/10/2013 14:44:02,07/10/2013 14:44:17
5,DSION PROPERTIES,07/10/2013 14:45:30,07/10/2013 14:45:45
3,DSION PROPERTIES,07/10/2013 14:45:37,07/10/2013 14:45:48
5,DSION PROPERTIES,07/10/2013 14:54:17,07/10/2013 14:54:42
3,DSION PROPERTIES,07/10/2013 14:53:35,07/10/2013 15:02:01
3,DSION PROPERTIES,07/10/2013 15:07:54,07/10/2013 15:08:08
5,DSION PROPERTIES,07/10/2013 14:55:33,07/10/2013 15:10:56
2,DSION PROPERTIES,07/10/2013 14:30:56,07/10/2013 15:12:17
5,DSION PROPERTIES,07/10/2013 15:12:07,07/10/2013 15:12:18
5,DSION PROPERTIES,07/10/2013 15:13:43,07/10/2013 15:16:27
2,DSION PROPERTIES,07/10/2013 15:16:12,07/10/2013 15:16:33
5,DSION PROPERTIES,07/10/2013 15:16:45,07/10/2013 15:17:05
5,DSION PROPERTIES,07/10/2013 15:18:57,07/10/2013 15:19:14
5,DSION PROPERTIES,07/10/2013 15:19:29,07/10/2013 15:19:54
3,DSION PROPERTIES,07/10/2013 15:20:22,07/10/2013 15:20:34
3,DSION PROPERTIES,07/10/2013 15:21:00,07/10/2013 15:21:35
5,DSION PROPERTIES,07/10/2013 15:20:11,07/10/2013 15:21:38
5,DSION PROPERTIES,07/10/2013 15:21:59,07/10/2013 15:22:16
3,DSION PROPERTIES,07/10/2013 15:22:04,07/10/2013 15:22:42
3,DSION PROPERTIES,07/10/2013 15:22:45,07/10/2013 15:22:59
5,DSION PROPERTIES,07/10/2013 15:22:48,07/10/2013 15:23:24
3,DSION PROPERTIES,07/10/2013 15:23:11,07/10/2013 15:23:41
3,DSION PROPERTIES,07/10/2013 15:23:44,07/10/2013 15:24:09
5,DSION PROPERTIES,07/10/2013 15:23:56,07/10/2013 15:24:13
5,DSION PROPERTIES,07/10/2013 15:24:28,07/10/2013 15:24:41
3,DSION PROPERTIES,07/10/2013 15:26:01,07/10/2013 15:26:15
3,DSION PROPERTIES,07/10/2013 15:27:08,07/10/2013 15:27:35
5,DSION PROPERTIES,07/10/2013 15:25:03,07/10/2013 15:28:13
5,DSION PROPERTIES,07/10/2013 15:28:25,07/10/2013 15:28:37
5,DSION PROPERTIES,07/10/2013 15:29:29,07/10/2013 15:29:44
5,DSION PROPERTIES,07/10/2013 15:29:56,07/10/2013 15:35:58
5,DSION PROPERTIES,07/10/2013 15:37:02,07/10/2013 15:37:22
5,DSION PROPERTIES,07/10/2013 15:37:34,07/10/2013 15:37:46
5,DSION PROPERTIES,07/10/2013 15:38:11,07/10/2013 15:38:23
2,DSION PROPERTIES,07/10/2013 15:16:34,07/10/2013 15:44:53
5,DSION PROPERTIES,07/10/2013 15:44:23,07/10/2013 15:45:00
5,DSION PROPERTIES,07/10/2013 15:46:42,07/10/2013 15:47:01
2,DSION PROPERTIES,07/10/2013 15:50:40,07/10/2013 15:57:25
2,DSION PROPERTIES,07/10/2013 15:58:39,07/10/2013 15:58:54
5,DSION PROPERTIES,07/10/2013 15:49:18,07/10/2013 16:00:25
5,DSION PROPERTIES,07/10/2013 16:02:18,07/10/2013 16:02:31
2,DSION PROPERTIES,07/10/2013 16:04:43,07/10/2013 16:05:01
3,DSION PROPERTIES,07/10/2013 16:06:37,07/10/2013 16:06:54
3,DSION PROPERTIES,07/10/2013 16:07:06,07/10/2013 16:07:19
3,DSION PROPERTIES,07/10/2013 16:08:48,07/10/2013 16:09:02
1,DSION PROPERTIES,07/10/2013 16:10:24,07/10/2013 16:10:38
3,DSION PROPERTIES,07/10/2013 16:10:19,07/10/2013 16:10:46
3,DSION PROPERTIES,07/10/2013 16:11:30,07/10/2013 16:11:41
3,DSION PROPERTIES,07/10/2013 16:12:34,07/10/2013 16:12:45
1,DSION PROPERTIES,07/10/2013 16:12:39,07/10/2013 16:12:53
4,DSION PROPERTIES,07/10/2013 16:12:42,07/10/2013 16:13:06
3,DSION PROPERTIES,07/10/2013 16:12:49,07/10/2013 16:13:09
3,DSION PROPERTIES,07/10/2013 16:13:09,07/10/2013 16:13:22
3,DSION PROPERTIES,07/10/2013 16:13:23,07/10/2013 16:13:41
4,DSION PROPERTIES,07/10/2013 16:13:36,07/10/2013 16:14:03
4,DSION PROPERTIES,07/10/2013 16:14:45,07/10/2013 16:14:58
4,DSION PROPERTIES,07/10/2013 16:15:13,07/10/2013 16:15:30
4,DSION PROPERTIES,07/10/2013 16:15:48,07/10/2013 16:16:02
4,DSION PROPERTIES,07/10/2013 16:16:45,07/10/2013 16:16:59
4,DSION PROPERTIES,07/10/2013 16:17:14,07/10/2013 16:17:31
3,DSION PROPERTIES,07/10/2013 16:17:21,07/10/2013 16:17:35
3,DSION PROPERTIES,07/10/2013 16:17:42,07/10/2013 16:18:10
3,DSION PROPERTIES,07/10/2013 16:18:42,07/10/2013 16:19:01
3,DSION PROPERTIES,07/10/2013 16:19:31,07/10/2013 16:19:45
4,DSION PROPERTIES,07/10/2013 16:19:37,07/10/2013 16:19:52
3,DSION PROPERTIES,07/10/2013 16:19:45,07/10/2013 16:19:59
2,DSION PROPERTIES,07/10/2013 16:05:40,07/10/2013 16:25:33
2,DSION PROPERTIES,07/10/2013 16:25:43,07/10/2013 16:25:56
2,DSION PROPERTIES,07/10/2013 16:26:01,07/10/2013 16:26:26
3,DSION PROPERTIES,07/10/2013 16:26:15,07/10/2013 16:26:53
4,DSION PROPERTIES,07/10/2013 16:26:43,07/10/2013 16:27:35
4,DSION PROPERTIES,07/10/2013 16:27:38,07/10/2013 16:27:43
3,DSION PROPERTIES,07/10/2013 16:27:40,07/10/2013 16:27:52
3,DSION PROPERTIES,07/10/2013 16:29:09,07/10/2013 16:29:20
3,DSION PROPERTIES,07/10/2013 16:29:22,07/10/2013 16:29:33
2,DSION PROPERTIES,07/10/2013 16:26:35,07/10/2013 16:29:44
2,DSION PROPERTIES,07/10/2013 16:29:56,07/10/2013 16:30:09
2,DSION PROPERTIES,07/10/2013 16:30:11,07/10/2013 16:30:24
2,DSION PROPERTIES,07/10/2013 16:31:58,07/10/2013 16:32:10
4,DSION PROPERTIES,07/10/2013 16:32:06,07/10/2013 16:32:23
4,DSION PROPERTIES,07/10/2013 16:33:42,07/10/2013 16:33:52
4,DSION PROPERTIES,07/10/2013 16:35:24,07/10/2013 16:35:36
4,DSION PROPERTIES,07/10/2013 16:36:02,07/10/2013 16:36:17
4,DSION PROPERTIES,07/10/2013 16:36:21,07/10/2013 16:36:38
4,DSION PROPERTIES,07/10/2013 16:43:45,07/10/2013 16:43:56
3,DSION PROPERTIES,07/10/2013 16:32:01,07/10/2013 16:43:58
5,DSION PROPERTIES,07/10/2013 16:44:27,07/10/2013 16:46:08
4,DSION PROPERTIES,07/10/2013 16:46:29,07/10/2013 16:46:41
4,DSION PROPERTIES,07/10/2013 16:47:11,07/10/2013 16:47:26
4,DSION PROPERTIES,07/10/2013 16:47:32,07/10/2013 16:47:44
2,DSION PROPERTIES,07/10/2013 16:47:34,07/10/2013 16:47:47
2,DSION PROPERTIES,07/10/2013 16:50:30,07/10/2013 16:50:44
5,DSION PROPERTIES,07/10/2013 16:46:15,07/10/2013 16:53:57
3,DSION PROPERTIES,07/10/2013 16:45:07,07/10/2013 16:54:15
5,DSION PROPERTIES,07/10/2013 16:55:56,07/10/2013 16:56:16
2,DSION PROPERTIES,07/10/2013 16:56:08,07/10/2013 16:56:21
2,DSION PROPERTIES,07/10/2013 16:56:54,07/10/2013 16:57:05
2,DSION PROPERTIES,07/10/2013 16:57:43,07/10/2013 16:57:57
2,DSION PROPERTIES,07/10/2013 16:58:38,07/10/2013 16:59:07
5,DSION PROPERTIES,07/10/2013 16:59:00,07/10/2013 17:00:02
5,DSION PROPERTIES,07/10/2013 17:01:05,07/10/2013 17:01:21
5,DSION PROPERTIES,07/10/2013 17:01:38,07/10/2013 17:02:06
2,DSION PROPERTIES,07/10/2013 17:01:53,07/10/2013 17:02:07
4,DSION PROPERTIES,07/10/2013 17:03:55,07/10/2013 17:04:07
1,DSION PROPERTIES,07/10/2013 17:03:58,07/10/2013 17:04:10
2,DSION PROPERTIES,07/10/2013 17:02:14,07/10/2013 17:04:14
5,DSION PROPERTIES,07/10/2013 17:02:27,07/10/2013 17:04:19
1,DSION PROPERTIES,07/10/2013 17:04:10,07/10/2013 17:04:31
2,DSION PROPERTIES,07/10/2013 17:04:31,07/10/2013 17:04:44
1,DSION PROPERTIES,07/10/2013 17:04:32,07/10/2013 17:04:45
1,DSION PROPERTIES,07/10/2013 17:05:47,07/10/2013 17:06:00
5,DSION PROPERTIES,07/10/2013 17:04:23,07/10/2013 17:06:07
1,DSION PROPERTIES,07/10/2013 17:06:06,07/10/2013 17:06:20
5,DSION PROPERTIES,07/10/2013 17:06:15,07/10/2013 17:06:28
5,DSION PROPERTIES,07/10/2013 17:06:31,07/10/2013 17:06:43
5,DSION PROPERTIES,07/10/2013 17:14:07,07/10/2013 17:15:57
5,DSION PROPERTIES,07/10/2013 17:15:57,07/10/2013 17:16:10
5,DSION PROPERTIES,07/10/2013 17:16:45,07/10/2013 17:16:57
5,DSION PROPERTIES,07/10/2013 17:17:51,07/10/2013 17:18:08
5,DSION PROPERTIES,07/10/2013 17:18:14,07/10/2013 17:18:27
5,DSION PROPERTIES,07/10/2013 17:18:28,07/10/2013 17:18:42
5,DSION PROPERTIES,07/10/2013 17:18:45,07/10/2013 17:19:02
3,DSION PROPERTIES,07/10/2013 16:54:18,07/10/2013 17:22:58
3,DSION PROPERTIES,07/10/2013 17:25:46,07/10/2013 17:26:34
3,DSION PROPERTIES,07/10/2013 17:26:46,07/10/2013 17:26:57
5,DSION PROPERTIES,07/10/2013 17:26:33,07/10/2013 17:27:11
1,DSION PROPERTIES,07/10/2013 17:27:08,07/10/2013 17:27:23
3,DSION PROPERTIES,07/10/2013 17:27:02,07/10/2013 17:45:54
5,DSION PROPERTIES,07/10/2013 17:45:54,07/10/2013 17:46:07
3,DSION PROPERTIES,07/10/2013 17:49:21,07/10/2013 17:49:35
1,DSION PROPERTIES,07/10/2013 17:37:40,07/10/2013 18:01:11
1,DSION PROPERTIES,07/10/2013 18:01:44,07/10/2013 18:02:27
1,DSION PROPERTIES,07/10/2013 18:02:37,07/10/2013 18:02:52
5,DSION PROPERTIES,07/10/2013 17:46:08,07/10/2013 18:03:29
1,DSION PROPERTIES,07/10/2013 18:03:25,07/10/2013 18:03:45
1,DSION PROPERTIES,07/10/2013 18:03:47,07/10/2013 18:04:05
3,DSION PROPERTIES,07/10/2013 18:04:42,07/10/2013 18:05:32
2,DSION PROPERTIES,07/10/2013 18:05:23,07/10/2013 18:05:37
5,DSION PROPERTIES,07/10/2013 18:04:01,07/10/2013 18:08:40
1,DSION PROPERTIES,07/10/2013 18:04:25,07/10/2013 18:08:50
5,DSION PROPERTIES,07/10/2013 18:15:26,07/10/2013 18:15:39
1,DSION PROPERTIES,07/10/2013 18:09:03,07/10/2013 18:18:53
2,DSION PROPERTIES,07/10/2013 18:18:09,07/10/2013 18:19:14
2,DSION PROPERTIES,07/10/2013 18:22:11,07/10/2013 18:22:22
1,DSION PROPERTIES,07/10/2013 18:22:13,07/10/2013 18:22:26
5,DSION PROPERTIES,07/10/2013 18:15:47,07/10/2013 18:24:09
2,DSION PROPERTIES,07/10/2013 18:24:00,07/10/2013 18:24:46
1,DSION PROPERTIES,07/10/2013 18:23:45,07/10/2013 18:25:07
5,DSION PROPERTIES,07/10/2013 18:24:31,07/10/2013 18:25:07
4,DSION PROPERTIES,07/10/2013 18:25:07,07/10/2013 18:25:07
5,DSION PROPERTIES,07/10/2013 18:25:08,07/10/2013 18:25:09
3,DSION PROPERTIES,07/10/2013 18:24:33,07/10/2013 18:25:14
4,DSION PROPERTIES,07/10/2013 18:25:14,07/10/2013 18:25:19
2,DSION PROPERTIES,07/10/2013 18:25:00,07/10/2013 18:25:21
5,DSION PROPERTIES,07/10/2013 18:25:09,07/10/2013 18:25:24
2,DSION PROPERTIES,07/10/2013 18:25:22,07/10/2013 18:25:31
1,DSION PROPERTIES,07/11/2013 10:27:48,07/11/2013 10:28:00
2,DSION PROPERTIES,07/11/2013 10:27:49,07/11/2013 10:28:13
2,DSION PROPERTIES,07/11/2013 10:28:13,07/11/2013 10:28:16
1,DSION PROPERTIES,07/11/2013 10:28:09,07/11/2013 10:28:23
2,DSION PROPERTIES,07/11/2013 10:28:17,07/11/2013 10:28:24
2,DSION PROPERTIES,07/11/2013 10:28:25,07/11/2013 10:28:26
1,DSION PROPERTIES,07/11/2013 10:29:13,07/11/2013 10:29:25
3,DSION PROPERTIES,07/11/2013 10:29:16,07/11/2013 10:29:31
4,DSION PROPERTIES,07/11/2013 10:29:18,07/11/2013 10:29:31
4,DSION PROPERTIES,07/11/2013 10:30:30,07/11/2013 10:30:43
4,DSION PROPERTIES,07/11/2013 10:30:53,07/11/2013 10:31:05
3,DSION PROPERTIES,07/11/2013 10:30:55,07/11/2013 10:31:08
4,DSION PROPERTIES,07/11/2013 10:31:07,07/11/2013 10:31:23
4,DSION PROPERTIES,07/11/2013 10:32:25,07/11/2013 10:32:41
4,DSION PROPERTIES,07/11/2013 10:33:57,07/11/2013 10:34:09
4,DSION PROPERTIES,07/11/2013 10:34:15,07/11/2013 10:34:27
3,DSION PROPERTIES,07/11/2013 10:34:16,07/11/2013 10:34:28
1,DSION PROPERTIES,07/11/2013 10:34:26,07/11/2013 10:34:39
4,DSION PROPERTIES,07/11/2013 10:34:27,07/11/2013 10:34:41
4,DSION PROPERTIES,07/11/2013 10:46:24,07/11/2013 10:46:37
4,DSION PROPERTIES,07/11/2013 10:49:11,07/11/2013 10:49:11
4,DSION PROPERTIES,07/11/2013 10:49:11,07/11/2013 10:49:23
4,DSION PROPERTIES,07/11/2013 10:50:03,07/11/2013 10:50:20
1,DSION PROPERTIES,07/11/2013 10:50:14,07/11/2013 10:50:28
3,DSION PROPERTIES,07/11/2013 10:50:18,07/11/2013 10:50:30
2,DSION PROPERTIES,07/11/2013 10:28:26,07/11/2013 10:51:18
3,DSION PROPERTIES,07/11/2013 10:51:20,07/11/2013 10:51:34
3,DSION PROPERTIES,07/11/2013 10:52:27,07/11/2013 10:52:42
1,DSION PROPERTIES,07/11/2013 10:52:39,07/11/2013 10:54:00
1,DSION PROPERTIES,07/11/2013 10:54:28,07/11/2013 10:54:42
1,DSION PROPERTIES,07/11/2013 10:55:13,07/11/2013 10:55:28
1,DSION PROPERTIES,07/11/2013 10:56:20,07/11/2013 10:56:32
3,DSION PROPERTIES,07/11/2013 10:56:28,07/11/2013 10:57:09
3,DSION PROPERTIES,07/11/2013 10:58:34,07/11/2013 10:58:48
2,DSION PROPERTIES,07/11/2013 10:51:18,07/11/2013 10:59:20
3,DSION PROPERTIES,07/11/2013 10:59:18,07/11/2013 10:59:33
2,DSION PROPERTIES,07/11/2013 10:59:20,07/11/2013 10:59:34
1,DSION PROPERTIES,07/11/2013 10:59:24,07/11/2013 10:59:42
1,DSION PROPERTIES,07/11/2013 10:59:42,07/11/2013 10:59:44
2,DSION PROPERTIES,07/11/2013 10:59:37,07/11/2013 10:59:52
1,DSION PROPERTIES,07/11/2013 10:59:48,07/11/2013 10:59:54
2,DSION PROPERTIES,07/11/2013 11:00:07,07/11/2013 11:00:20
2,DSION PROPERTIES,07/11/2013 11:00:29,07/11/2013 11:00:41
2,DSION PROPERTIES,07/11/2013 11:00:50,07/11/2013 11:01:02
3,DSION PROPERTIES,07/11/2013 11:00:57,07/11/2013 11:01:09
3,DSION PROPERTIES,07/11/2013 11:01:14,07/11/2013 11:01:27
3,DSION PROPERTIES,07/11/2013 11:02:17,07/11/2013 11:02:29
3,DSION PROPERTIES,07/11/2013 11:02:29,07/11/2013 11:02:49
1,DSION PROPERTIES,07/11/2013 10:59:54,07/11/2013 11:04:53
1,DSION PROPERTIES,07/11/2013 11:08:57,07/11/2013 11:09:21
3,DSION PROPERTIES,07/11/2013 11:14:17,07/11/2013 11:14:30
3,DSION PROPERTIES,07/11/2013 11:14:33,07/11/2013 11:14:45
2,DSION PROPERTIES,07/11/2013 11:29:07,07/11/2013 11:29:23
3,DSION PROPERTIES,07/11/2013 11:29:05,07/11/2013 11:29:24
3,DSION PROPERTIES,07/11/2013 11:29:41,07/11/2013 11:29:56
3,DSION PROPERTIES,07/11/2013 11:29:56,07/11/2013 11:30:11
1,DSION PROPERTIES,07/11/2013 11:12:18,07/11/2013 11:30:18
3,DSION PROPERTIES,07/11/2013 11:30:11,07/11/2013 11:30:28
1,DSION PROPERTIES,07/11/2013 11:30:18,07/11/2013 11:30:33
3,DSION PROPERTIES,07/11/2013 11:30:57,07/11/2013 11:31:10
2,DSION PROPERTIES,07/11/2013 11:31:05,07/11/2013 11:31:19
1,DSION PROPERTIES,07/11/2013 11:30:44,07/11/2013 11:31:28
1,DSION PROPERTIES,07/11/2013 11:31:30,07/11/2013 11:32:09
3,DSION PROPERTIES,07/11/2013 11:31:48,07/11/2013 11:32:37
4,DSION PROPERTIES,07/11/2013 11:31:59,07/11/2013 11:32:42
1,DSION PROPERTIES,07/11/2013 11:32:31,07/11/2013 11:32:44
5,DSION PROPERTIES,07/11/2013 11:32:31,07/11/2013 11:32:49
5,DSION PROPERTIES,07/11/2013 11:33:10,07/11/2013 11:33:22
1,DSION PROPERTIES,07/11/2013 11:33:12,07/11/2013 11:33:29
1,DSION PROPERTIES,07/11/2013 11:33:34,07/11/2013 11:33:48
1,DSION PROPERTIES,07/11/2013 11:33:54,07/11/2013 11:34:28
5,DSION PROPERTIES,07/11/2013 11:34:13,07/11/2013 11:34:36
4,DSION PROPERTIES,07/11/2013 11:34:28,07/11/2013 11:34:42
1,DSION PROPERTIES,07/11/2013 11:34:35,07/11/2013 11:34:49
5,DSION PROPERTIES,07/11/2013 11:34:36,07/11/2013 11:35:06
1,DSION PROPERTIES,07/11/2013 11:34:52,07/11/2013 11:35:44
5,DSION PROPERTIES,07/11/2013 11:35:18,07/11/2013 11:35:54
1,DSION PROPERTIES,07/11/2013 11:35:46,07/11/2013 11:35:59
5,DSION PROPERTIES,07/11/2013 11:35:54,07/11/2013 11:36:09
3,DSION PROPERTIES,07/11/2013 11:35:58,07/11/2013 11:36:19
4,DSION PROPERTIES,07/11/2013 11:35:50,07/11/2013 11:36:53
5,DSION PROPERTIES,07/11/2013 11:36:44,07/11/2013 11:36:59
3,DSION PROPERTIES,07/11/2013 11:36:27,07/11/2013 11:37:08
3,DSION PROPERTIES,07/11/2013 11:37:21,07/11/2013 11:37:43
2,DSION PROPERTIES,07/11/2013 11:31:26,07/11/2013 11:38:03
3,DSION PROPERTIES,07/11/2013 11:37:53,07/11/2013 11:38:04
5,DSION PROPERTIES,07/11/2013 11:37:40,07/11/2013 11:38:14
2,DSION PROPERTIES,07/11/2013 11:38:08,07/11/2013 11:38:18
3,DSION PROPERTIES,07/11/2013 11:38:07,07/11/2013 11:38:22
2,DSION PROPERTIES,07/11/2013 11:38:20,07/11/2013 11:38:34
2,DSION PROPERTIES,07/11/2013 11:39:35,07/11/2013 11:40:05
2,DSION PROPERTIES,07/11/2013 11:41:36,07/11/2013 11:41:50
3,DSION PROPERTIES,07/11/2013 11:41:36,07/11/2013 11:41:52
5,DSION PROPERTIES,07/11/2013 11:41:39,07/11/2013 11:41:53
5,DSION PROPERTIES,07/11/2013 11:41:58,07/11/2013 11:42:11
3,DSION PROPERTIES,07/11/2013 11:42:04,07/11/2013 11:42:18
2,DSION PROPERTIES,07/11/2013 11:42:10,07/11/2013 11:42:23
2,DSION PROPERTIES,07/11/2013 11:43:55,07/11/2013 11:44:07
2,DSION PROPERTIES,07/11/2013 11:44:22,07/11/2013 11:44:42
2,DSION PROPERTIES,07/11/2013 11:45:47,07/11/2013 11:46:00
2,DSION PROPERTIES,07/11/2013 11:46:21,07/11/2013 11:46:34
2,DSION PROPERTIES,07/11/2013 11:48:39,07/11/2013 11:48:52
2,DSION PROPERTIES,07/11/2013 11:49:45,07/11/2013 11:49:57
2,DSION PROPERTIES,07/11/2013 11:50:18,07/11/2013 11:50:44
2,DSION PROPERTIES,07/11/2013 11:50:46,07/11/2013 11:51:47
2,DSION PROPERTIES,07/11/2013 11:55:48,07/11/2013 11:56:21
3,DSION PROPERTIES,07/11/2013 11:56:58,07/11/2013 11:57:24
5,DSION PROPERTIES,07/11/2013 11:57:16,07/11/2013 11:57:27
4,DSION PROPERTIES,07/11/2013 11:57:18,07/11/2013 11:57:28
4,DSION PROPERTIES,07/11/2013 11:57:36,07/11/2013 11:58:08
5,DSION PROPERTIES,07/11/2013 11:59:10,07/11/2013 11:59:22
4,DSION PROPERTIES,07/11/2013 11:58:58,07/11/2013 11:59:28
2,DSION PROPERTIES,07/11/2013 11:56:33,07/11/2013 12:01:17
2,DSION PROPERTIES,07/11/2013 12:01:17,07/11/2013 12:01:19
2,DSION PROPERTIES,07/11/2013 12:01:21,07/11/2013 12:01:49
2,DSION PROPERTIES,07/11/2013 12:02:16,07/11/2013 12:03:08
2,DSION PROPERTIES,07/11/2013 12:13:10,07/11/2013 12:13:28
2,DSION PROPERTIES,07/11/2013 12:13:35,07/11/2013 12:13:48
2,DSION PROPERTIES,07/11/2013 12:14:00,07/11/2013 12:14:12
4,DSION PROPERTIES,07/11/2013 12:14:05,07/11/2013 12:14:25
4,DSION PROPERTIES,07/11/2013 12:14:56,07/11/2013 12:15:09
5,DSION PROPERTIES,07/11/2013 12:15:27,07/11/2013 12:15:39
3,DSION PROPERTIES,07/11/2013 12:15:33,07/11/2013 12:15:44
4,DSION PROPERTIES,07/11/2013 12:15:13,07/11/2013 12:15:59
2,DSION PROPERTIES,07/11/2013 12:14:58,07/11/2013 12:16:14
4,DSION PROPERTIES,07/11/2013 12:16:04,07/11/2013 12:16:16
4,DSION PROPERTIES,07/11/2013 12:16:19,07/11/2013 12:16:38
2,DSION PROPERTIES,07/11/2013 12:16:31,07/11/2013 12:16:43
2,DSION PROPERTIES,07/11/2013 12:17:14,07/11/2013 12:17:43
3,DSION PROPERTIES,07/11/2013 12:18:01,07/11/2013 12:18:24
3,DSION PROPERTIES,07/11/2013 12:19:22,07/11/2013 12:19:36
2,DSION PROPERTIES,07/11/2013 12:17:46,07/11/2013 12:19:37
4,DSION PROPERTIES,07/11/2013 12:17:33,07/11/2013 12:22:23
2,DSION PROPERTIES,07/11/2013 12:21:38,07/11/2013 12:22:30
4,DSION PROPERTIES,07/11/2013 12:23:08,07/11/2013 12:23:22
2,DSION PROPERTIES,07/11/2013 12:23:02,07/11/2013 12:24:00
3,DSION PROPERTIES,07/11/2013 12:23:20,07/11/2013 12:24:36
2,DSION PROPERTIES,07/11/2013 12:24:25,07/11/2013 12:24:38
4,DSION PROPERTIES,07/11/2013 12:24:30,07/11/2013 12:24:43
4,DSION PROPERTIES,07/11/2013 12:24:51,07/11/2013 12:25:05
2,DSION PROPERTIES,07/11/2013 12:24:57,07/11/2013 12:25:07
3,DSION PROPERTIES,07/11/2013 12:24:57,07/11/2013 12:25:19
2,DSION PROPERTIES,07/11/2013 12:25:14,07/11/2013 12:25:25
5,DSION PROPERTIES,07/11/2013 12:25:17,07/11/2013 12:25:31
4,DSION PROPERTIES,07/11/2013 12:25:14,07/11/2013 12:25:31
3,DSION PROPERTIES,07/11/2013 12:25:20,07/11/2013 12:25:33
4,DSION PROPERTIES,07/11/2013 12:25:32,07/11/2013 12:25:44
4,DSION PROPERTIES,07/11/2013 12:28:06,07/11/2013 12:28:18
3,DSION PROPERTIES,07/11/2013 12:28:13,07/11/2013 12:28:24
3,DSION PROPERTIES,07/11/2013 12:30:12,07/11/2013 12:30:43
3,DSION PROPERTIES,07/11/2013 12:31:00,07/11/2013 12:31:23
3,DSION PROPERTIES,07/11/2013 12:31:44,07/11/2013 12:31:56
3,DSION PROPERTIES,07/11/2013 12:35:34,07/11/2013 12:35:52
3,DSION PROPERTIES,07/11/2013 12:36:26,07/11/2013 12:36:38
3,DSION PROPERTIES,07/11/2013 12:37:07,07/11/2013 12:37:21
3,DSION PROPERTIES,07/11/2013 12:38:19,07/11/2013 12:39:04
4,DSION PROPERTIES,07/11/2013 12:39:20,07/11/2013 12:39:34
3,DSION PROPERTIES,07/11/2013 12:39:19,07/11/2013 12:39:35
3,DSION PROPERTIES,07/11/2013 12:39:39,07/11/2013 12:39:53
4,DSION PROPERTIES,07/11/2013 12:39:58,07/11/2013 12:40:11
3,DSION PROPERTIES,07/11/2013 12:39:55,07/11/2013 12:40:34
3,DSION PROPERTIES,07/11/2013 12:40:38,07/11/2013 12:40:51
3,DSION PROPERTIES,07/11/2013 12:41:40,07/11/2013 12:41:59
3,DSION PROPERTIES,07/11/2013 12:42:05,07/11/2013 12:42:20
3,DSION PROPERTIES,07/11/2013 12:42:36,07/11/2013 12:43:02
3,DSION PROPERTIES,07/11/2013 12:43:41,07/11/2013 12:43:54
3,DSION PROPERTIES,07/11/2013 12:46:06,07/11/2013 12:46:18
3,DSION PROPERTIES,07/11/2013 12:48:09,07/11/2013 12:48:26
3,DSION PROPERTIES,07/11/2013 12:51:50,07/11/2013 12:52:08
4,DSION PROPERTIES,07/11/2013 12:41:48,07/11/2013 12:52:45
3,DSION PROPERTIES,07/11/2013 12:52:39,07/11/2013 12:52:59
4,DSION PROPERTIES,07/11/2013 12:52:59,07/11/2013 12:53:13
5,DSION PROPERTIES,07/11/2013 12:53:10,07/11/2013 12:53:21
3,DSION PROPERTIES,07/11/2013 12:53:03,07/11/2013 12:53:25
4,DSION PROPERTIES,07/11/2013 12:53:21,07/11/2013 12:53:34
4,DSION PROPERTIES,07/11/2013 12:53:36,07/11/2013 12:53:50
3,DSION PROPERTIES,07/11/2013 12:53:48,07/11/2013 12:54:00
5,DSION PROPERTIES,07/11/2013 13:01:27,07/11/2013 13:01:28
4,DSION PROPERTIES,07/11/2013 13:01:17,07/11/2013 13:01:30
3,DSION PROPERTIES,07/11/2013 13:00:53,07/11/2013 13:01:41
3,DSION PROPERTIES,07/11/2013 13:01:51,07/11/2013 13:02:04
3,DSION PROPERTIES,07/11/2013 13:02:07,07/11/2013 13:02:19
4,DSION PROPERTIES,07/11/2013 13:02:17,07/11/2013 13:02:32
3,DSION PROPERTIES,07/11/2013 13:02:27,07/11/2013 13:02:40
3,DSION PROPERTIES,07/11/2013 13:02:44,07/11/2013 13:02:55
4,DSION PROPERTIES,07/11/2013 13:02:50,07/11/2013 13:03:11
3,DSION PROPERTIES,07/11/2013 13:06:26,07/11/2013 13:06:38
4,DSION PROPERTIES,07/11/2013 13:06:05,07/11/2013 13:06:52
3,DSION PROPERTIES,07/11/2013 13:08:14,07/11/2013 13:08:25
2,DSION PROPERTIES,07/11/2013 13:08:16,07/11/2013 13:08:27
2,DSION PROPERTIES,07/11/2013 13:08:35,07/11/2013 13:09:00
3,DSION PROPERTIES,07/11/2013 13:08:50,07/11/2013 13:09:03
4,DSION PROPERTIES,07/11/2013 13:08:06,07/11/2013 13:09:17
4,DSION PROPERTIES,07/11/2013 13:09:23,07/11/2013 13:09:44
3,DSION PROPERTIES,07/11/2013 13:09:37,07/11/2013 13:09:50
3,DSION PROPERTIES,07/11/2013 13:10:07,07/11/2013 13:10:19
3,DSION PROPERTIES,07/11/2013 13:11:51,07/11/2013 13:12:04
3,DSION PROPERTIES,07/11/2013 13:13:50,07/11/2013 13:14:03
4,DSION PROPERTIES,07/11/2013 13:14:01,07/11/2013 13:14:31
3,DSION PROPERTIES,07/11/2013 13:16:26,07/11/2013 13:16:39
3,DSION PROPERTIES,07/11/2013 13:16:44,07/11/2013 13:16:57
5,DSION PROPERTIES,07/11/2013 13:01:29,07/11/2013 13:16:58
5,DSION PROPERTIES,07/11/2013 13:17:07,07/11/2013 13:17:20
5,DSION PROPERTIES,07/11/2013 13:18:05,07/11/2013 13:18:20
3,DSION PROPERTIES,07/11/2013 13:20:47,07/11/2013 13:21:01
4,DSION PROPERTIES,07/11/2013 13:15:21,07/11/2013 13:21:24
5,DSION PROPERTIES,07/11/2013 13:20:15,07/11/2013 13:21:24
4,DSION PROPERTIES,07/11/2013 13:21:36,07/11/2013 13:21:56
5,DSION PROPERTIES,07/11/2013 13:21:44,07/11/2013 13:21:57
5,DSION PROPERTIES,07/11/2013 13:22:13,07/11/2013 13:22:25
5,DSION PROPERTIES,07/11/2013 13:22:33,07/11/2013 13:22:46
5,DSION PROPERTIES,07/11/2013 13:22:55,07/11/2013 13:23:08
5,DSION PROPERTIES,07/11/2013 13:29:51,07/11/2013 13:30:05
5,DSION PROPERTIES,07/11/2013 13:41:34,07/11/2013 13:41:46
3,DSION PROPERTIES,07/11/2013 13:45:13,07/11/2013 13:45:32
3,DSION PROPERTIES,07/11/2013 13:45:34,07/11/2013 13:45:48
2,DSION PROPERTIES,07/11/2013 13:16:57,07/11/2013 13:45:51
4,DSION PROPERTIES,07/11/2013 13:44:11,07/11/2013 13:45:51
4,DSION PROPERTIES,07/11/2013 13:50:12,07/11/2013 13:50:26
4,DSION PROPERTIES,07/11/2013 13:52:16,07/11/2013 13:52:32
4,DSION PROPERTIES,07/11/2013 13:52:56,07/11/2013 13:53:07
4,DSION PROPERTIES,07/11/2013 13:54:59,07/11/2013 13:55:11
4,DSION PROPERTIES,07/11/2013 14:06:31,07/11/2013 14:10:44
2,DSION PROPERTIES,07/11/2013 14:10:11,07/11/2013 14:11:04
2,DSION PROPERTIES,07/11/2013 14:11:49,07/11/2013 14:12:18
4,DSION PROPERTIES,07/11/2013 14:12:15,07/11/2013 14:12:33
4,DSION PROPERTIES,07/11/2013 14:12:34,07/11/2013 14:12:46
2,DSION PROPERTIES,07/11/2013 14:12:37,07/11/2013 14:12:49
5,DSION PROPERTIES,07/11/2013 13:43:40,07/11/2013 14:13:00
4,DSION PROPERTIES,07/11/2013 14:12:46,07/11/2013 14:13:05
3,DSION PROPERTIES,07/11/2013 14:12:46,07/11/2013 14:13:20
4,DSION PROPERTIES,07/11/2013 14:13:09,07/11/2013 14:13:30
2,DSION PROPERTIES,07/11/2013 14:12:50,07/11/2013 14:13:38
4,DSION PROPERTIES,07/11/2013 14:13:37,07/11/2013 14:14:01
4,DSION PROPERTIES,07/11/2013 14:14:05,07/11/2013 14:14:20
2,DSION PROPERTIES,07/11/2013 14:13:38,07/11/2013 14:14:32
4,DSION PROPERTIES,07/11/2013 14:19:27,07/11/2013 14:19:38
5,DSION PROPERTIES,07/11/2013 14:19:28,07/11/2013 14:19:42
2,DSION PROPERTIES,07/11/2013 14:16:00,07/11/2013 14:20:01
5,DSION PROPERTIES,07/11/2013 14:25:36,07/11/2013 14:26:28
5,DSION PROPERTIES,07/11/2013 14:36:42,07/11/2013 14:36:55
4,DSION PROPERTIES,07/11/2013 14:36:49,07/11/2013 14:37:09
4,DSION PROPERTIES,07/11/2013 14:37:28,07/11/2013 14:37:39
4,DSION PROPERTIES,07/11/2013 14:38:01,07/11/2013 14:38:13
4,DSION PROPERTIES,07/11/2013 14:42:18,07/11/2013 14:42:29
4,DSION PROPERTIES,07/11/2013 14:47:10,07/11/2013 14:47:46
2,DSION PROPERTIES,07/11/2013 14:21:14,07/11/2013 14:47:49
5,DSION PROPERTIES,07/11/2013 14:47:30,07/11/2013 14:48:05
1,DSION PROPERTIES,07/11/2013 14:48:03,07/11/2013 14:48:16
2,DSION PROPERTIES,07/11/2013 14:47:50,07/11/2013 14:48:21
4,DSION PROPERTIES,07/11/2013 14:48:02,07/11/2013 14:48:31
2,DSION PROPERTIES,07/11/2013 14:48:23,07/11/2013 14:48:41
2,DSION PROPERTIES,07/11/2013 14:51:30,07/11/2013 14:51:43
2,DSION PROPERTIES,07/11/2013 14:51:44,07/11/2013 14:51:58
4,DSION PROPERTIES,07/11/2013 14:48:36,07/11/2013 14:54:45
4,DSION PROPERTIES,07/11/2013 15:00:52,07/11/2013 15:01:05
4,DSION PROPERTIES,07/11/2013 15:01:09,07/11/2013 15:01:26
4,DSION PROPERTIES,07/11/2013 15:01:46,07/11/2013 15:01:59
4,DSION PROPERTIES,07/11/2013 15:05:56,07/11/2013 15:06:11
4,DSION PROPERTIES,07/11/2013 15:07:56,07/11/2013 15:08:11
4,DSION PROPERTIES,07/11/2013 15:10:30,07/11/2013 15:10:47
2,DSION PROPERTIES,07/11/2013 15:10:41,07/11/2013 15:10:54
2,DSION PROPERTIES,07/11/2013 15:14:42,07/11/2013 15:14:55
2,DSION PROPERTIES,07/11/2013 15:14:56,07/11/2013 15:15:13
2,DSION PROPERTIES,07/11/2013 15:15:14,07/11/2013 15:15:26
2,DSION PROPERTIES,07/11/2013 15:18:22,07/11/2013 15:18:46
2,DSION PROPERTIES,07/11/2013 15:18:58,07/11/2013 15:19:33
3,DSION PROPERTIES,07/11/2013 14:13:44,07/11/2013 15:19:43
3,DSION PROPERTIES,07/11/2013 15:19:53,07/11/2013 15:20:06
3,DSION PROPERTIES,07/11/2013 15:20:20,07/11/2013 15:20:41
3,DSION PROPERTIES,07/11/2013 15:21:02,07/11/2013 15:21:13
3,DSION PROPERTIES,07/11/2013 15:22:05,07/11/2013 15:22:28
3,DSION PROPERTIES,07/11/2013 15:22:46,07/11/2013 15:22:57
1,DSION PROPERTIES,07/11/2013 15:22:47,07/11/2013 15:22:57
4,DSION PROPERTIES,07/11/2013 15:18:43,07/11/2013 15:23:10
4,DSION PROPERTIES,07/11/2013 15:23:15,07/11/2013 15:23:16
5,DSION PROPERTIES,07/11/2013 15:22:47,07/11/2013 15:23:16
1,DSION PROPERTIES,07/11/2013 15:23:08,07/11/2013 15:23:21
1,DSION PROPERTIES,07/11/2013 15:23:23,07/11/2013 15:23:35
5,DSION PROPERTIES,07/11/2013 15:23:32,07/11/2013 15:23:44
1,DSION PROPERTIES,07/12/2013 13:56:29,07/12/2013 13:56:42
2,DSION PROPERTIES,07/12/2013 13:56:41,07/12/2013 13:56:57
1,DSION PROPERTIES,07/12/2013 13:56:50,07/12/2013 13:57:04
3,DSION PROPERTIES,07/12/2013 13:56:53,07/12/2013 13:57:08
3,DSION PROPERTIES,07/12/2013 13:57:14,07/12/2013 13:57:28
1,DSION PROPERTIES,07/12/2013 13:57:21,07/12/2013 13:57:33
1,DSION PROPERTIES,07/12/2013 13:59:29,07/12/2013 13:59:43
1,DSION PROPERTIES,07/12/2013 13:59:50,07/12/2013 14:00:01
1,DSION PROPERTIES,07/12/2013 14:00:17,07/12/2013 14:00:28
1,DSION PROPERTIES,07/12/2013 14:02:15,07/12/2013 14:02:30
1,DSION PROPERTIES,07/12/2013 14:02:51,07/12/2013 14:03:03
1,DSION PROPERTIES,07/12/2013 14:03:30,07/12/2013 14:04:17
1,DSION PROPERTIES,07/12/2013 14:05:44,07/12/2013 14:05:58
1,DSION PROPERTIES,07/12/2013 14:06:42,07/12/2013 14:06:54
1,DSION PROPERTIES,07/12/2013 14:06:58,07/12/2013 14:07:19
3,DSION PROPERTIES,07/12/2013 14:07:08,07/12/2013 14:07:29
2,DSION PROPERTIES,07/12/2013 14:07:24,07/12/2013 14:07:50
2,DSION PROPERTIES,07/12/2013 14:08:10,07/12/2013 14:08:42
3,DSION PROPERTIES,07/12/2013 14:08:21,07/12/2013 14:09:28
2,DSION PROPERTIES,07/12/2013 14:08:58,07/12/2013 14:09:30
1,DSION PROPERTIES,07/12/2013 14:07:19,07/12/2013 14:09:32
3,DSION PROPERTIES,07/12/2013 14:09:30,07/12/2013 14:09:43
2,DSION PROPERTIES,07/12/2013 14:10:11,07/12/2013 14:10:26
2,DSION PROPERTIES,07/12/2013 14:10:27,07/12/2013 14:10:39
5,DSION PROPERTIES,07/12/2013 14:10:59,07/12/2013 14:11:11
2,DSION PROPERTIES,07/12/2013 14:10:57,07/12/2013 14:11:11
6,DSION PROPERTIES,07/12/2013 14:11:01,07/12/2013 14:11:22
2,DSION PROPERTIES,07/12/2013 14:11:15,07/12/2013 14:11:26
5,DSION PROPERTIES,07/12/2013 14:11:16,07/12/2013 14:11:27
4,DSION PROPERTIES,07/12/2013 14:10:29,07/12/2013 14:12:43
4,DSION PROPERTIES,07/12/2013 14:12:53,07/12/2013 14:13:11
4,DSION PROPERTIES,07/12/2013 14:13:13,07/12/2013 14:13:24
2,DSION PROPERTIES,07/12/2013 14:13:04,07/12/2013 14:13:25
3,DSION PROPERTIES,07/12/2013 14:09:43,07/12/2013 14:13:32
2,DSION PROPERTIES,07/12/2013 14:13:28,07/12/2013 14:13:39
5,DSION PROPERTIES,07/12/2013 14:12:16,07/12/2013 14:13:40
6,DSION PROPERTIES,07/12/2013 14:13:20,07/12/2013 14:13:44
3,DSION PROPERTIES,07/12/2013 14:13:33,07/12/2013 14:13:47
1,DSION PROPERTIES,07/12/2013 14:09:36,07/12/2013 14:14:08
3,DSION PROPERTIES,07/12/2013 14:13:58,07/12/2013 14:14:15
1,DSION PROPERTIES,07/12/2013 14:14:11,07/12/2013 14:14:30
6,DSION PROPERTIES,07/12/2013 14:14:12,07/12/2013 14:14:43
3,DSION PROPERTIES,07/12/2013 14:14:19,07/12/2013 14:14:45
4,DSION PROPERTIES,07/12/2013 14:13:37,07/12/2013 14:14:55
1,DSION PROPERTIES,07/12/2013 14:14:36,07/12/2013 14:15:02
5,DSION PROPERTIES,07/12/2013 14:14:36,07/12/2013 14:15:23
4,DSION PROPERTIES,07/12/2013 14:14:58,07/12/2013 14:15:25
1,DSION PROPERTIES,07/12/2013 14:15:20,07/12/2013 14:15:56
4,DSION PROPERTIES,07/12/2013 14:15:45,07/12/2013 14:16:05
4,DSION PROPERTIES,07/12/2013 14:16:18,07/12/2013 14:16:32
1,DSION PROPERTIES,07/12/2013 14:16:25,07/12/2013 14:16:36
1,DSION PROPERTIES,07/12/2013 14:16:42,07/12/2013 14:16:55
4,DSION PROPERTIES,07/12/2013 14:16:44,07/12/2013 14:16:55
1,DSION PROPERTIES,07/12/2013 14:17:17,07/12/2013 14:17:30
1,DSION PROPERTIES,07/12/2013 14:17:44,07/12/2013 14:18:00
4,DSION PROPERTIES,07/12/2013 14:17:58,07/12/2013 14:18:09
1,DSION PROPERTIES,07/12/2013 14:18:00,07/12/2013 14:18:20
1,DSION PROPERTIES,07/12/2013 14:18:32,07/12/2013 14:18:46
4,DSION PROPERTIES,07/12/2013 14:18:51,07/12/2013 14:18:51
1,DSION PROPERTIES,07/12/2013 14:18:46,07/12/2013 14:19:01
1,DSION PROPERTIES,07/12/2013 14:19:02,07/12/2013 14:19:17
1,DSION PROPERTIES,07/12/2013 14:19:25,07/12/2013 14:19:36
1,DSION PROPERTIES,07/12/2013 14:19:53,07/12/2013 14:20:18
1,DSION PROPERTIES,07/12/2013 14:20:20,07/12/2013 14:20:35
1,DSION PROPERTIES,07/12/2013 14:23:55,07/12/2013 14:24:08
1,DSION PROPERTIES,07/12/2013 14:24:13,07/12/2013 14:24:25
1,DSION PROPERTIES,07/12/2013 14:28:27,07/12/2013 14:28:39
1,DSION PROPERTIES,07/12/2013 14:29:11,07/12/2013 14:29:23
1,DSION PROPERTIES,07/12/2013 14:29:35,07/12/2013 14:29:50
1,DSION PROPERTIES,07/12/2013 14:29:51,07/12/2013 14:30:02
4,DSION PROPERTIES,07/12/2013 14:29:58,07/12/2013 14:30:11
4,DSION PROPERTIES,07/12/2013 14:30:14,07/12/2013 14:30:25
1,DSION PROPERTIES,07/12/2013 14:30:16,07/12/2013 14:30:31
1,DSION PROPERTIES,07/12/2013 14:30:59,07/12/2013 14:31:13
1,DSION PROPERTIES,07/12/2013 14:31:19,07/12/2013 14:31:19
4,DSION PROPERTIES,07/12/2013 14:31:01,07/12/2013 14:31:28
1,DSION PROPERTIES,07/12/2013 14:31:28,07/12/2013 14:31:40
4,DSION PROPERTIES,07/12/2013 14:31:29,07/12/2013 14:31:41
5,DSION PROPERTIES,07/12/2013 14:31:35,07/12/2013 14:31:47
5,DSION PROPERTIES,07/12/2013 14:31:52,07/12/2013 14:32:04
5,DSION PROPERTIES,07/12/2013 14:32:21,07/12/2013 14:32:40
5,DSION PROPERTIES,07/12/2013 14:43:56,07/12/2013 14:44:09
4,DSION PROPERTIES,07/12/2013 14:44:03,07/12/2013 14:44:14
4,DSION PROPERTIES,07/12/2013 14:44:33,07/12/2013 14:44:46
4,DSION PROPERTIES,07/12/2013 14:45:43,07/12/2013 14:45:59
4,DSION PROPERTIES,07/12/2013 14:46:14,07/12/2013 14:46:28
4,DSION PROPERTIES,07/12/2013 14:46:42,07/12/2013 14:46:54
4,DSION PROPERTIES,07/12/2013 14:49:15,07/12/2013 14:49:40
4,DSION PROPERTIES,07/12/2013 14:51:21,07/12/2013 14:51:33
4,DSION PROPERTIES,07/12/2013 14:52:19,07/12/2013 14:52:38
4,DSION PROPERTIES,07/12/2013 14:53:03,07/12/2013 14:53:25
4,DSION PROPERTIES,07/12/2013 14:53:53,07/12/2013 14:54:09
5,DSION PROPERTIES,07/12/2013 14:53:56,07/12/2013 14:54:13
1,DSION PROPERTIES,07/12/2013 14:54:00,07/12/2013 14:54:14
1,DSION PROPERTIES,07/12/2013 14:54:15,07/12/2013 14:54:24
1,DSION PROPERTIES,07/12/2013 14:54:24,07/12/2013 14:54:35
4,DSION PROPERTIES,07/12/2013 14:54:34,07/12/2013 14:54:51
5,DSION PROPERTIES,07/12/2013 14:54:30,07/12/2013 14:55:09
4,DSION PROPERTIES,07/12/2013 14:54:56,07/12/2013 14:55:10
4,DSION PROPERTIES,07/12/2013 14:55:36,07/12/2013 14:56:01
3,DSION PROPERTIES,07/12/2013 14:14:47,07/12/2013 14:58:48
4,DSION PROPERTIES,07/12/2013 14:58:38,07/12/2013 14:59:07
5,DSION PROPERTIES,07/12/2013 14:59:04,07/12/2013 14:59:14
3,DSION PROPERTIES,07/12/2013 14:59:01,07/12/2013 14:59:24
3,DSION PROPERTIES,07/12/2013 14:59:56,07/12/2013 15:00:08
4,DSION PROPERTIES,07/12/2013 14:59:14,07/12/2013 15:01:06
5,DSION PROPERTIES,07/12/2013 15:00:55,07/12/2013 15:01:09
1,DSION PROPERTIES,07/12/2013 15:00:57,07/12/2013 15:01:17
4,DSION PROPERTIES,07/12/2013 15:01:08,07/12/2013 15:01:23
1,DSION PROPERTIES,07/12/2013 15:01:43,07/12/2013 15:01:54
4,DSION PROPERTIES,07/12/2013 15:01:39,07/12/2013 15:01:56
4,DSION PROPERTIES,07/12/2013 15:02:21,07/12/2013 15:02:36
1,DSION PROPERTIES,07/12/2013 15:02:35,07/12/2013 15:02:48
5,DSION PROPERTIES,07/12/2013 15:02:51,07/12/2013 15:03:02
1,DSION PROPERTIES,07/12/2013 15:02:48,07/12/2013 15:03:08
4,DSION PROPERTIES,07/12/2013 15:02:50,07/12/2013 15:03:14
6,DSION PROPERTIES,07/12/2013 15:02:57,07/12/2013 15:03:21
4,DSION PROPERTIES,07/12/2013 15:03:14,07/12/2013 15:03:34
1,DSION PROPERTIES,07/12/2013 15:03:21,07/12/2013 15:03:43
6,DSION PROPERTIES,07/12/2013 15:03:26,07/12/2013 15:03:53
6,DSION PROPERTIES,07/12/2013 15:04:02,07/12/2013 15:04:15
1,DSION PROPERTIES,07/12/2013 15:04:05,07/12/2013 15:04:17
4,DSION PROPERTIES,07/12/2013 15:04:08,07/12/2013 15:04:19
5,DSION PROPERTIES,07/12/2013 15:04:10,07/12/2013 15:04:21
5,DSION PROPERTIES,07/12/2013 15:05:03,07/12/2013 15:05:06
5,DSION PROPERTIES,07/12/2013 15:06:07,07/12/2013 15:06:25
4,DSION PROPERTIES,07/12/2013 15:06:20,07/12/2013 15:06:32
1,DSION PROPERTIES,07/12/2013 15:06:24,07/12/2013 15:06:35
1,DSION PROPERTIES,07/12/2013 15:07:16,07/12/2013 15:07:29
1,DSION PROPERTIES,07/12/2013 15:07:38,07/12/2013 15:07:50
1,DSION PROPERTIES,07/12/2013 15:08:16,07/12/2013 15:08:30
4,DSION PROPERTIES,07/12/2013 15:08:22,07/12/2013 15:08:36
4,DSION PROPERTIES,07/12/2013 15:09:50,07/12/2013 15:10:05
4,DSION PROPERTIES,07/12/2013 15:10:51,07/12/2013 15:11:03
4,DSION PROPERTIES,07/12/2013 15:12:16,07/12/2013 15:12:30
4,DSION PROPERTIES,07/12/2013 15:19:45,07/12/2013 15:19:57
4,DSION PROPERTIES,07/12/2013 15:21:20,07/12/2013 15:21:35
4,DSION PROPERTIES,07/12/2013 15:27:43,07/12/2013 15:27:56
4,DSION PROPERTIES,07/12/2013 15:27:59,07/12/2013 15:28:14
4,DSION PROPERTIES,07/12/2013 15:29:18,07/12/2013 15:29:31
4,DSION PROPERTIES,07/12/2013 15:29:59,07/12/2013 15:30:11
1,DSION PROPERTIES,07/12/2013 15:30:08,07/12/2013 15:30:37
1,DSION PROPERTIES,07/12/2013 15:30:41,07/12/2013 15:30:54
1,DSION PROPERTIES,07/12/2013 15:32:07,07/12/2013 15:35:43
1,DSION PROPERTIES,07/12/2013 15:41:01,07/12/2013 15:41:14
4,DSION PROPERTIES,07/12/2013 15:41:06,07/12/2013 15:41:18
3,DSION PROPERTIES,07/12/2013 15:00:43,07/12/2013 15:43:44
3,DSION PROPERTIES,07/12/2013 15:51:48,07/12/2013 15:51:58
3,DSION PROPERTIES,07/12/2013 15:54:32,07/12/2013 15:54:48
3,DSION PROPERTIES,07/12/2013 15:55:01,07/12/2013 15:55:31
3,DSION PROPERTIES,07/12/2013 15:56:03,07/12/2013 15:56:15
3,DSION PROPERTIES,07/12/2013 15:56:30,07/12/2013 15:56:41
3,DSION PROPERTIES,07/12/2013 16:03:53,07/12/2013 16:04:07
3,DSION PROPERTIES,07/12/2013 16:04:10,07/12/2013 16:04:23
3,DSION PROPERTIES,07/12/2013 16:04:24,07/12/2013 16:04:35
3,DSION PROPERTIES,07/12/2013 16:12:35,07/12/2013 16:12:49
3,DSION PROPERTIES,07/12/2013 16:13:58,07/12/2013 16:14:10
3,DSION PROPERTIES,07/12/2013 16:14:57,07/12/2013 16:15:08
3,DSION PROPERTIES,07/12/2013 16:15:45,07/12/2013 16:16:00
4,DSION PROPERTIES,07/12/2013 16:15:59,07/12/2013 16:16:13
3,DSION PROPERTIES,07/12/2013 16:16:09,07/12/2013 16:16:34
4,DSION PROPERTIES,07/12/2013 16:16:24,07/12/2013 16:16:39
4,DSION PROPERTIES,07/12/2013 16:16:46,07/12/2013 16:17:03
4,DSION PROPERTIES,07/12/2013 16:19:36,07/12/2013 16:20:00
4,DSION PROPERTIES,07/12/2013 16:20:15,07/12/2013 16:20:28
4,DSION PROPERTIES,07/12/2013 16:20:32,07/12/2013 16:20:44
3,DSION PROPERTIES,07/12/2013 16:19:58,07/12/2013 16:23:55
3,DSION PROPERTIES,07/12/2013 16:25:09,07/12/2013 16:25:10
3,DSION PROPERTIES,07/12/2013 16:25:13,07/12/2013 16:25:13
3,DSION PROPERTIES,07/12/2013 16:25:15,07/12/2013 16:25:16
3,DSION PROPERTIES,07/12/2013 16:25:17,07/12/2013 16:25:33
4,DSION PROPERTIES,07/12/2013 16:26:13,07/12/2013 16:26:25
3,DSION PROPERTIES,07/12/2013 16:25:55,07/12/2013 16:26:49
3,DSION PROPERTIES,07/12/2013 16:26:55,07/12/2013 16:27:25
4,DSION PROPERTIES,07/12/2013 16:27:22,07/12/2013 16:29:27
4,DSION PROPERTIES,07/12/2013 16:31:16,07/12/2013 16:31:31
4,DSION PROPERTIES,07/12/2013 16:34:17,07/12/2013 16:34:34
4,DSION PROPERTIES,07/12/2013 16:34:44,07/12/2013 16:34:57
4,DSION PROPERTIES,07/12/2013 16:35:05,07/12/2013 16:35:53
1,DSION PROPERTIES,07/12/2013 16:35:07,07/12/2013 16:36:10
1,DSION PROPERTIES,07/12/2013 16:36:36,07/12/2013 16:37:57
1,DSION PROPERTIES,07/12/2013 16:38:05,07/12/2013 16:39:20
4,DSION PROPERTIES,07/12/2013 16:40:00,07/12/2013 16:40:14
4,DSION PROPERTIES,07/12/2013 16:41:00,07/12/2013 16:41:15
4,DSION PROPERTIES,07/12/2013 16:41:52,07/12/2013 16:42:24
4,DSION PROPERTIES,07/12/2013 16:42:30,07/12/2013 16:42:50
1,DSION PROPERTIES,07/12/2013 16:39:55,07/12/2013 16:43:06
3,DSION PROPERTIES,07/12/2013 16:34:52,07/12/2013 16:44:40
3,DSION PROPERTIES,07/12/2013 16:46:30,07/12/2013 16:46:44
3,DSION PROPERTIES,07/12/2013 16:46:54,07/12/2013 16:47:06
1,DSION PROPERTIES,07/12/2013 16:47:02,07/12/2013 16:47:14
1,DSION PROPERTIES,07/12/2013 16:50:51,07/12/2013 16:51:11
3,DSION PROPERTIES,07/12/2013 16:51:01,07/12/2013 16:51:14
3,DSION PROPERTIES,07/12/2013 16:51:22,07/12/2013 16:51:35
3,DSION PROPERTIES,07/12/2013 16:51:55,07/12/2013 16:52:08
1,DSION PROPERTIES,07/12/2013 16:56:30,07/12/2013 16:57:50
1,DSION PROPERTIES,07/12/2013 16:58:11,07/12/2013 16:58:23
1,DSION PROPERTIES,07/12/2013 17:01:06,07/12/2013 17:01:18
3,DSION PROPERTIES,07/12/2013 16:54:55,07/12/2013 17:01:27
3,DSION PROPERTIES,07/12/2013 17:03:08,07/12/2013 17:05:56
3,DSION PROPERTIES,07/12/2013 17:06:27,07/12/2013 17:06:38
1,DSION PROPERTIES,07/12/2013 17:06:38,07/12/2013 17:06:38
3,DSION PROPERTIES,07/12/2013 17:07:23,07/12/2013 17:07:35
3,DSION PROPERTIES,07/12/2013 17:07:56,07/12/2013 17:08:09
3,DSION PROPERTIES,07/12/2013 17:10:15,07/12/2013 17:10:27
3,DSION PROPERTIES,07/12/2013 17:10:53,07/12/2013 17:11:07
1,DSION PROPERTIES,07/12/2013 17:11:00,07/12/2013 17:11:13
3,DSION PROPERTIES,07/12/2013 17:11:10,07/12/2013 17:11:23
3,DSION PROPERTIES,07/12/2013 17:12:37,07/12/2013 17:12:51
3,DSION PROPERTIES,07/12/2013 17:17:14,07/12/2013 17:21:08
3,DSION PROPERTIES,07/12/2013 17:24:35,07/12/2013 17:24:49
3,DSION PROPERTIES,07/12/2013 17:26:11,07/12/2013 17:27:09
4,DSION PROPERTIES,07/12/2013 17:20:58,07/12/2013 17:27:49
3,DSION PROPERTIES,07/12/2013 17:27:29,07/12/2013 17:27:56
1,DSION PROPERTIES,07/12/2013 17:19:07,07/12/2013 17:27:59
5,DSION PROPERTIES,07/12/2013 17:27:35,07/12/2013 17:28:15
5,DSION PROPERTIES,07/12/2013 17:30:01,07/12/2013 17:30:13
5,DSION PROPERTIES,07/12/2013 17:30:20,07/12/2013 17:30:33
5,DSION PROPERTIES,07/12/2013 17:36:12,07/12/2013 17:36:25
5,DSION PROPERTIES,07/12/2013 17:37:51,07/12/2013 17:39:10
1,DSION PROPERTIES,07/12/2013 17:39:00,07/12/2013 17:39:18
5,DSION PROPERTIES,07/12/2013 17:39:11,07/12/2013 17:41:14
3,DSION PROPERTIES,07/12/2013 17:39:09,07/12/2013 17:42:00
3,DSION PROPERTIES,07/12/2013 17:46:27,07/12/2013 17:48:30
3,DSION PROPERTIES,07/12/2013 17:51:01,07/12/2013 17:51:15
3,DSION PROPERTIES,07/12/2013 17:52:46,07/12/2013 17:52:57
3,DSION PROPERTIES,07/12/2013 17:53:04,07/12/2013 17:53:25
5,DSION PROPERTIES,07/12/2013 17:48:20,07/12/2013 17:54:07
3,DSION PROPERTIES,07/12/2013 17:53:58,07/12/2013 17:54:16
1,DSION PROPERTIES,07/12/2013 17:54:03,07/12/2013 17:56:12
1,DSION PROPERTIES,07/12/2013 17:56:36,07/12/2013 17:57:00
1,DSION PROPERTIES,07/12/2013 17:57:00,07/12/2013 17:57:14
5,DSION PROPERTIES,07/12/2013 17:58:41,07/12/2013 17:58:57
1,DSION PROPERTIES,07/12/2013 17:57:31,07/12/2013 18:02:35
5,DSION PROPERTIES,07/12/2013 18:02:24,07/12/2013 18:05:16
3,DSION PROPERTIES,07/12/2013 17:54:27,07/12/2013 18:07:17
3,DSION PROPERTIES,07/12/2013 18:07:43,07/12/2013 18:07:55
3,DSION PROPERTIES,07/12/2013 18:07:57,07/12/2013 18:08:12
3,DSION PROPERTIES,07/12/2013 18:08:15,07/12/2013 18:08:36
5,DSION PROPERTIES,07/12/2013 18:08:26,07/12/2013 18:08:39
1,DSION PROPERTIES,07/12/2013 18:08:28,07/12/2013 18:08:40
1,DSION PROPERTIES,07/12/2013 18:09:12,07/12/2013 18:09:25
5,DSION PROPERTIES,07/12/2013 18:11:23,07/12/2013 18:11:34
1,DSION PROPERTIES,07/12/2013 18:10:40,07/12/2013 18:11:44
1,DSION PROPERTIES,07/12/2013 18:16:53,07/12/2013 18:17:06
1,DSION PROPERTIES,07/12/2013 18:17:08,07/12/2013 18:17:25
5,DSION PROPERTIES,07/12/2013 18:17:11,07/12/2013 18:18:54
5,DSION PROPERTIES,07/12/2013 18:19:48,07/12/2013 18:19:59
5,DSION PROPERTIES,07/12/2013 18:20:54,07/12/2013 18:21:08
1,DSION PROPERTIES,07/12/2013 18:21:02,07/12/2013 18:21:15
1,DSION PROPERTIES,07/12/2013 18:25:28,07/12/2013 18:25:40
5,DSION PROPERTIES,07/12/2013 18:25:36,07/12/2013 18:25:49
1,DSION PROPERTIES,07/12/2013 18:27:42,07/12/2013 18:27:52
5,DSION PROPERTIES,07/12/2013 18:27:42,07/12/2013 18:27:54
5,DSION PROPERTIES,07/12/2013 18:28:52,07/12/2013 18:29:16
1,DSION PROPERTIES,07/12/2013 18:29:15,07/12/2013 18:29:27
5,DSION PROPERTIES,07/12/2013 18:29:23,07/12/2013 18:29:35
5,DSION PROPERTIES,07/12/2013 18:30:36,07/12/2013 18:30:48
5,DSION PROPERTIES,07/12/2013 18:31:12,07/12/2013 18:31:34
5,DSION PROPERTIES,07/12/2013 18:31:42,07/12/2013 18:31:56
1,DSION PROPERTIES,07/12/2013 18:31:51,07/12/2013 18:32:03
1,DSION PROPERTIES,07/12/2013 18:34:06,07/12/2013 18:34:34
5,DSION PROPERTIES,07/12/2013 18:34:30,07/12/2013 18:34:58
5,DSION PROPERTIES,07/12/2013 18:35:21,07/12/2013 18:35:37
5,DSION PROPERTIES,07/12/2013 18:36:18,07/12/2013 18:36:30
1,DSION PROPERTIES,07/12/2013 18:36:19,07/12/2013 18:36:33
1,DSION PROPERTIES,07/12/2013 18:36:37,07/12/2013 18:36:49
1,DSION PROPERTIES,07/12/2013 18:37:21,07/12/2013 18:37:33
1,DSION PROPERTIES,07/12/2013 18:37:33,07/12/2013 18:37:46
1,DSION PROPERTIES,07/12/2013 18:39:49,07/12/2013 18:40:11
1,DSION PROPERTIES,07/12/2013 18:40:20,07/12/2013 18:40:34
5,DSION PROPERTIES,07/12/2013 18:40:27,07/12/2013 18:40:40
1,DSION PROPERTIES,07/12/2013 18:40:38,07/12/2013 18:40:52
1,DSION PROPERTIES,07/12/2013 18:40:58,07/12/2013 18:41:45
1,DSION PROPERTIES,07/12/2013 18:42:20,07/12/2013 18:42:32
1,DSION PROPERTIES,07/12/2013 18:42:47,07/12/2013 18:43:01
5,DSION PROPERTIES,07/12/2013 18:42:56,07/12/2013 18:43:12
1,DSION PROPERTIES,07/12/2013 18:43:07,07/12/2013 18:43:27
5,DSION PROPERTIES,07/15/2013 09:34:39,07/15/2013 09:34:52
5,DSION PROPERTIES,07/15/2013 09:35:07,07/15/2013 09:35:19
5,DSION PROPERTIES,07/15/2013 09:35:43,07/15/2013 09:35:55
5,DSION PROPERTIES,07/15/2013 09:43:17,07/15/2013 09:43:29
3,DSION PROPERTIES,07/15/2013 09:43:23,07/15/2013 09:43:34
3,DSION PROPERTIES,07/15/2013 10:05:27,07/15/2013 10:09:33
3,DSION PROPERTIES,07/15/2013 10:11:00,07/15/2013 10:11:13
3,DSION PROPERTIES,07/15/2013 10:11:46,07/15/2013 10:11:57
3,DSION PROPERTIES,07/15/2013 10:38:06,07/15/2013 10:38:18
5,DSION PROPERTIES,07/15/2013 10:38:17,07/15/2013 10:38:28
5,DSION PROPERTIES,07/15/2013 10:38:34,07/15/2013 10:38:44
5,DSION PROPERTIES,07/15/2013 10:38:57,07/15/2013 10:39:09
5,DSION PROPERTIES,07/15/2013 10:39:45,07/15/2013 10:39:59
5,DSION PROPERTIES,07/15/2013 10:40:52,07/15/2013 10:41:03
5,DSION PROPERTIES,07/15/2013 10:41:16,07/15/2013 10:41:35
5,DSION PROPERTIES,07/15/2013 10:43:03,07/15/2013 10:43:14
5,DSION PROPERTIES,07/15/2013 10:44:19,07/15/2013 10:44:31
5,DSION PROPERTIES,07/15/2013 10:56:59,07/15/2013 10:57:10
5,DSION PROPERTIES,07/15/2013 11:01:43,07/15/2013 11:01:54
3,DSION PROPERTIES,07/15/2013 11:01:49,07/15/2013 11:02:00
3,DSION PROPERTIES,07/15/2013 11:02:29,07/15/2013 11:02:41
3,DSION PROPERTIES,07/15/2013 11:02:58,07/15/2013 11:03:09
3,DSION PROPERTIES,07/15/2013 11:06:52,07/15/2013 11:07:04
5,DSION PROPERTIES,07/15/2013 11:06:57,07/15/2013 11:07:08
5,DSION PROPERTIES,07/15/2013 11:08:17,07/15/2013 11:10:00
3,DSION PROPERTIES,07/15/2013 11:09:49,07/15/2013 11:10:02
3,DSION PROPERTIES,07/15/2013 11:10:40,07/15/2013 11:10:53
5,DSION PROPERTIES,07/15/2013 11:10:51,07/15/2013 11:11:03
5,DSION PROPERTIES,07/15/2013 11:15:31,07/15/2013 11:16:10
5,DSION PROPERTIES,07/15/2013 11:18:57,07/15/2013 11:19:09
5,DSION PROPERTIES,07/15/2013 11:20:27,07/15/2013 11:20:38
5,DSION PROPERTIES,07/15/2013 11:27:16,07/15/2013 11:27:29
5,DSION PROPERTIES,07/15/2013 11:27:32,07/15/2013 11:27:53
3,DSION PROPERTIES,07/15/2013 11:27:45,07/15/2013 11:28:19
1,DSION PROPERTIES,07/12/2013 18:43:32,unknown
2,DSION PROPERTIES,07/15/2013 11:29:48,07/15/2013 11:30:00
2,DSION PROPERTIES,07/15/2013 11:30:04,07/15/2013 11:30:18
1,DSION PROPERTIES,07/15/2013 11:28:32,07/15/2013 11:30:31
1,DSION PROPERTIES,07/15/2013 11:32:53,07/15/2013 11:33:04
1,DSION PROPERTIES,07/15/2013 11:33:21,07/15/2013 11:33:35
1,DSION PROPERTIES,07/15/2013 11:34:30,07/15/2013 11:34:41
1,DSION PROPERTIES,07/15/2013 11:39:55,07/15/2013 11:40:15
3,DSION PROPERTIES,07/15/2013 11:40:12,07/15/2013 11:40:23
4,DSION PROPERTIES,07/15/2013 11:40:14,07/15/2013 11:40:33
3,DSION PROPERTIES,07/15/2013 11:40:27,07/15/2013 11:40:38
3,DSION PROPERTIES,07/15/2013 11:41:24,07/15/2013 11:41:55
3,DSION PROPERTIES,07/15/2013 11:43:54,07/15/2013 11:44:06
3,DSION PROPERTIES,07/15/2013 11:44:46,07/15/2013 11:44:59
2,DSION PROPERTIES,07/15/2013 11:30:21,07/15/2013 11:44:59
4,DSION PROPERTIES,07/15/2013 11:44:58,07/15/2013 11:45:29
4,DSION PROPERTIES,07/15/2013 11:47:08,07/15/2013 11:47:20
4,DSION PROPERTIES,07/15/2013 11:47:55,07/15/2013 11:48:23
4,DSION PROPERTIES,07/15/2013 11:49:30,07/15/2013 11:49:42
2,DSION PROPERTIES,07/15/2013 11:45:11,07/15/2013 11:52:35
4,DSION PROPERTIES,07/15/2013 11:52:35,07/15/2013 11:52:48
4,DSION PROPERTIES,07/15/2013 11:53:58,07/15/2013 11:54:18
3,DSION PROPERTIES,07/15/2013 11:54:09,07/15/2013 11:54:20
2,DSION PROPERTIES,07/15/2013 11:53:59,unknown
2,DSION PROPERTIES,07/15/2013 12:10:44,07/15/2013 12:10:45
1,DSION PROPERTIES,07/15/2013 12:10:38,unknown
1,DSION PROPERTIES,07/15/2013 12:13:06,07/15/2013 12:13:10
1,DSION PROPERTIES,07/15/2013 12:13:14,07/15/2013 12:13:15
2,DSION PROPERTIES,07/15/2013 12:17:23,07/15/2013 12:17:23
1,DSION PROPERTIES,07/15/2013 12:17:20,07/15/2013 12:17:33
1,DSION PROPERTIES,07/15/2013 12:20:58,unknown
2,DSION PROPERTIES,07/15/2013 14:58:09,07/15/2013 14:58:25
1,DSION PROPERTIES,07/15/2013 14:58:09,07/15/2013 14:58:44
2,DSION PROPERTIES,07/15/2013 14:58:41,07/15/2013 14:58:58
2,DSION PROPERTIES,07/15/2013 14:59:05,07/15/2013 14:59:18
2,DSION PROPERTIES,07/15/2013 15:04:27,07/15/2013 15:04:38
1,DSION PROPERTIES,07/15/2013 15:04:34,07/15/2013 15:04:47
3,DSION PROPERTIES,07/15/2013 15:04:36,07/15/2013 15:04:49
2,DSION PROPERTIES,07/15/2013 15:04:41,07/15/2013 15:04:54
2,DSION PROPERTIES,07/15/2013 15:08:47,07/15/2013 15:09:00
2,DSION PROPERTIES,07/15/2013 15:10:25,07/15/2013 15:11:21
3,DSION PROPERTIES,07/15/2013 15:08:57,07/15/2013 15:14:04
2,DSION PROPERTIES,07/15/2013 15:11:25,07/15/2013 15:18:23
2,DSION PROPERTIES,07/15/2013 15:18:24,07/15/2013 15:18:41
3,DSION PROPERTIES,07/15/2013 15:18:36,07/15/2013 15:18:48
3,DSION PROPERTIES,07/15/2013 15:19:57,07/15/2013 15:20:09
2,DSION PROPERTIES,07/15/2013 15:20:07,07/15/2013 15:20:20
2,DSION PROPERTIES,07/15/2013 15:20:23,07/15/2013 15:20:35
3,DSION PROPERTIES,07/15/2013 15:22:19,07/15/2013 15:22:30
1,DSION PROPERTIES,07/15/2013 15:22:29,07/15/2013 15:22:40
2,DSION PROPERTIES,07/15/2013 15:20:59,07/15/2013 15:25:58
1,DSION PROPERTIES,07/15/2013 15:29:35,07/15/2013 15:29:48
1,DSION PROPERTIES,07/15/2013 15:30:03,07/15/2013 15:30:15
2,DSION PROPERTIES,07/15/2013 15:26:47,07/15/2013 15:32:03
1,DSION PROPERTIES,07/15/2013 15:32:01,07/15/2013 15:32:15
2,DSION PROPERTIES,07/15/2013 15:33:03,07/15/2013 15:33:17
2,DSION PROPERTIES,07/15/2013 15:34:45,07/15/2013 15:34:58
2,DSION PROPERTIES,07/15/2013 15:36:10,07/15/2013 15:37:12
3,DSION PROPERTIES,07/15/2013 15:37:02,07/15/2013 15:37:53
3,DSION PROPERTIES,07/15/2013 15:47:57,07/15/2013 15:48:11
1,DSION PROPERTIES,07/15/2013 15:32:26,07/15/2013 15:48:14
3,DSION PROPERTIES,07/15/2013 15:48:11,07/15/2013 15:48:24
1,DSION PROPERTIES,07/15/2013 15:48:23,07/15/2013 15:54:31
1,DSION PROPERTIES,07/15/2013 15:54:31,07/15/2013 15:54:43
3,DSION PROPERTIES,07/15/2013 15:54:36,07/15/2013 15:54:47
1,DSION PROPERTIES,07/15/2013 15:54:43,07/15/2013 15:54:55
1,DSION PROPERTIES,07/15/2013 15:54:59,07/15/2013 15:55:11
1,DSION PROPERTIES,07/15/2013 15:56:16,07/15/2013 15:56:28
3,DSION PROPERTIES,07/15/2013 15:56:21,07/15/2013 15:56:33
3,DSION PROPERTIES,07/15/2013 15:57:04,07/15/2013 15:57:17
3,DSION PROPERTIES,07/15/2013 15:57:47,07/15/2013 15:57:59
3,DSION PROPERTIES,07/15/2013 16:00:00,07/15/2013 16:00:11
2,DSION PROPERTIES,07/15/2013 16:19:30,07/15/2013 16:19:41
4,DSION PROPERTIES,07/15/2013 16:19:35,07/15/2013 16:19:47
1,DSION PROPERTIES,07/15/2013 16:13:28,07/15/2013 16:21:03
3,DSION PROPERTIES,07/15/2013 16:13:12,07/15/2013 16:23:01
1,DSION PROPERTIES,07/15/2013 16:24:34,07/15/2013 16:24:49
4,DSION PROPERTIES,07/15/2013 16:24:51,07/15/2013 16:25:01
3,DSION PROPERTIES,07/15/2013 16:23:03,07/15/2013 16:25:12
3,DSION PROPERTIES,07/15/2013 16:25:12,07/15/2013 16:25:36
3,DSION PROPERTIES,07/15/2013 16:25:37,07/15/2013 16:26:09
4,DSION PROPERTIES,07/15/2013 16:25:55,07/15/2013 16:26:32
1,DSION PROPERTIES,07/15/2013 16:24:50,07/15/2013 16:26:51
4,DSION PROPERTIES,07/15/2013 16:26:39,07/15/2013 16:26:52
1,DSION PROPERTIES,07/15/2013 16:26:57,07/15/2013 16:26:59
4,DSION PROPERTIES,07/15/2013 16:26:55,07/15/2013 16:27:10
4,DSION PROPERTIES,07/15/2013 16:28:55,07/15/2013 16:29:10
4,DSION PROPERTIES,07/15/2013 16:32:07,07/15/2013 16:32:20
1,DSION PROPERTIES,07/15/2013 16:32:16,07/15/2013 16:32:30
1,DSION PROPERTIES,07/15/2013 16:32:34,07/15/2013 16:32:46
1,DSION PROPERTIES,07/15/2013 16:32:56,07/15/2013 16:32:57
4,DSION PROPERTIES,07/15/2013 16:32:56,07/15/2013 16:33:13
4,DSION PROPERTIES,07/15/2013 16:33:19,07/15/2013 16:33:35
1,DSION PROPERTIES,07/15/2013 16:36:17,07/15/2013 16:36:28
1,DSION PROPERTIES,07/15/2013 16:38:19,07/15/2013 16:38:33
4,DSION PROPERTIES,07/15/2013 16:36:14,07/15/2013 16:41:15
4,DSION PROPERTIES,07/15/2013 16:41:15,07/15/2013 16:42:08
4,DSION PROPERTIES,07/15/2013 16:43:38,07/15/2013 16:44:27
4,DSION PROPERTIES,07/15/2013 16:44:50,07/15/2013 16:45:01
1,DSION PROPERTIES,07/15/2013 16:45:19,07/15/2013 16:45:32
4,DSION PROPERTIES,07/15/2013 16:45:18,07/15/2013 16:46:12
1,DSION PROPERTIES,07/15/2013 16:46:08,07/15/2013 16:46:22
1,DSION PROPERTIES,07/15/2013 16:47:03,07/15/2013 16:47:15
1,DSION PROPERTIES,07/15/2013 16:49:43,07/15/2013 16:50:02
4,DSION PROPERTIES,07/15/2013 16:49:53,07/15/2013 16:50:17
3,DSION PROPERTIES,07/15/2013 16:50:17,07/15/2013 16:50:29
3,DSION PROPERTIES,07/15/2013 16:50:29,07/15/2013 16:50:38
4,DSION PROPERTIES,07/15/2013 16:50:37,07/15/2013 16:50:38
3,DSION PROPERTIES,07/15/2013 16:50:38,07/15/2013 16:50:38
3,DSION PROPERTIES,07/15/2013 16:50:39,07/15/2013 16:50:51
3,DSION PROPERTIES,07/15/2013 16:51:08,07/15/2013 16:51:20
3,DSION PROPERTIES,07/15/2013 16:52:33,07/15/2013 16:52:48
3,DSION PROPERTIES,07/15/2013 16:53:07,07/15/2013 16:53:23
3,DSION PROPERTIES,07/15/2013 17:02:07,07/15/2013 17:02:26
1,DSION PROPERTIES,07/15/2013 16:50:16,07/15/2013 17:02:27
1,DSION PROPERTIES,07/15/2013 17:02:47,07/15/2013 17:03:03
1,DSION PROPERTIES,07/15/2013 17:03:43,07/15/2013 17:03:55
3,DSION PROPERTIES,07/15/2013 17:03:51,07/15/2013 17:04:03
3,DSION PROPERTIES,07/15/2013 17:07:47,07/15/2013 17:08:04
1,DSION PROPERTIES,07/15/2013 17:08:06,07/15/2013 17:08:06
3,DSION PROPERTIES,07/15/2013 17:08:06,07/15/2013 17:08:23
3,DSION PROPERTIES,07/15/2013 17:08:29,07/15/2013 17:08:53
1,DSION PROPERTIES,07/15/2013 17:09:00,07/15/2013 17:09:06
3,DSION PROPERTIES,07/15/2013 17:08:56,07/15/2013 17:09:17
3,DSION PROPERTIES,07/15/2013 17:14:49,07/15/2013 17:15:02
3,DSION PROPERTIES,07/15/2013 17:15:03,07/15/2013 17:15:05
3,DSION PROPERTIES,07/15/2013 17:15:06,07/15/2013 17:15:06
3,DSION PROPERTIES,07/15/2013 17:20:48,07/15/2013 17:21:03
1,DSION PROPERTIES,07/15/2013 17:20:48,07/15/2013 17:21:58
3,DSION PROPERTIES,07/15/2013 17:21:18,07/15/2013 17:22:34
1,DSION PROPERTIES,07/15/2013 17:22:01,07/15/2013 17:30:18
1,DSION PROPERTIES,07/15/2013 17:31:40,07/15/2013 17:34:28
3,DSION PROPERTIES,07/15/2013 17:34:19,07/15/2013 17:34:40
3,DSION PROPERTIES,07/15/2013 17:34:47,07/15/2013 17:34:59
3,DSION PROPERTIES,07/15/2013 17:35:40,07/15/2013 17:35:55
3,DSION PROPERTIES,07/15/2013 17:38:30,07/15/2013 17:38:51
3,DSION PROPERTIES,07/15/2013 17:38:51,07/15/2013 17:39:06
3,DSION PROPERTIES,07/15/2013 17:59:33,07/15/2013 17:59:46
3,DSION PROPERTIES,07/15/2013 17:59:52,07/15/2013 18:00:05
1,DSION PROPERTIES,07/15/2013 17:59:54,07/15/2013 18:00:07
1,DSION PROPERTIES,07/15/2013 18:01:46,07/15/2013 18:01:58
3,DSION PROPERTIES,07/15/2013 18:01:50,07/15/2013 18:02:07
3,DSION PROPERTIES,07/15/2013 18:02:22,07/15/2013 18:02:35
3,DSION PROPERTIES,07/15/2013 18:02:35,07/15/2013 18:02:48
4,DSION PROPERTIES,07/15/2013 18:04:23,07/15/2013 18:04:39
1,DSION PROPERTIES,07/15/2013 18:03:38,07/15/2013 18:05:02
1,DSION PROPERTIES,07/15/2013 18:06:55,07/15/2013 18:07:07
1,DSION PROPERTIES,07/15/2013 18:09:53,07/15/2013 18:10:05
2,DSION PROPERTIES,07/15/2013 18:11:09,07/15/2013 18:11:26
1,DSION PROPERTIES,07/15/2013 18:10:22,07/15/2013 18:11:55
3,DSION PROPERTIES,07/15/2013 18:02:49,07/15/2013 18:12:34
3,DSION PROPERTIES,07/15/2013 18:12:40,07/15/2013 18:12:40
1,DSION PROPERTIES,07/15/2013 18:12:33,07/15/2013 18:12:47
3,DSION PROPERTIES,07/15/2013 18:12:42,07/15/2013 18:12:53
2,DSION PROPERTIES,07/15/2013 18:12:45,07/15/2013 18:13:04
3,DSION PROPERTIES,07/15/2013 18:13:03,07/15/2013 18:13:29
3,DSION PROPERTIES,07/15/2013 18:15:17,07/15/2013 18:15:29
2,DSION PROPERTIES,07/15/2013 18:15:31,07/15/2013 18:15:32
3,DSION PROPERTIES,07/15/2013 18:15:31,07/15/2013 18:15:48
4,DSION PROPERTIES,07/15/2013 18:09:53,07/15/2013 18:15:48
4,DSION PROPERTIES,07/15/2013 18:16:35,07/15/2013 18:16:53
4,DSION PROPERTIES,07/15/2013 18:17:54,07/15/2013 18:18:11
4,DSION PROPERTIES,07/15/2013 18:19:37,07/15/2013 18:19:50
4,DSION PROPERTIES,07/15/2013 18:21:44,07/15/2013 18:22:02
2,DSION PROPERTIES,07/15/2013 18:21:57,07/15/2013 18:22:09
2,DSION PROPERTIES,07/15/2013 18:22:27,07/15/2013 18:22:29
3,DSION PROPERTIES,07/15/2013 18:21:56,07/15/2013 18:22:38
4,DSION PROPERTIES,07/15/2013 18:22:27,07/15/2013 18:25:36
3,DSION PROPERTIES,07/15/2013 18:38:29,07/15/2013 18:38:42
2,DSION PROPERTIES,07/15/2013 18:38:40,07/15/2013 18:38:52
2,DSION PROPERTIES,07/15/2013 18:40:35,07/15/2013 18:41:08
2,DSION PROPERTIES,07/15/2013 18:41:12,07/15/2013 18:41:30
2,DSION PROPERTIES,07/15/2013 18:41:44,07/15/2013 18:42:19
2,DSION PROPERTIES,07/15/2013 18:42:19,07/15/2013 18:42:24
2,DSION PROPERTIES,07/15/2013 18:42:25,07/15/2013 18:42:54
3,DSION PROPERTIES,07/15/2013 18:42:35,07/15/2013 18:42:55
4,DSION PROPERTIES,07/15/2013 18:28:13,07/15/2013 18:47:39
4,DSION PROPERTIES,07/15/2013 18:47:46,07/15/2013 18:48:24
4,DSION PROPERTIES,07/15/2013 18:48:28,07/15/2013 18:48:57
3,DSION PROPERTIES,07/15/2013 18:48:52,07/15/2013 18:49:03
3,DSION PROPERTIES,07/15/2013 18:56:43,07/15/2013 18:56:56
4,DSION PROPERTIES,07/15/2013 18:57:33,07/15/2013 18:57:45
2,DSION PROPERTIES,07/15/2013 18:57:37,07/15/2013 18:57:50
2,DSION PROPERTIES,07/15/2013 18:58:46,07/15/2013 18:58:59
3,DSION PROPERTIES,07/15/2013 18:57:07,07/15/2013 18:59:19
4,DSION PROPERTIES,07/15/2013 18:59:17,07/15/2013 18:59:19
2,DSION PROPERTIES,07/15/2013 18:59:11,07/15/2013 18:59:24
1,DSION PROPERTIES,07/15/2013 18:59:17,07/15/2013 18:59:29
1,DSION PROPERTIES,07/15/2013 18:59:31,07/15/2013 18:59:44
1,DSION PROPERTIES,07/15/2013 18:59:50,07/15/2013 19:00:03
1,DSION PROPERTIES,07/15/2013 19:00:57,07/15/2013 19:01:17
1,DSION PROPERTIES,07/15/2013 19:01:28,07/15/2013 19:01:44
2,DSION PROPERTIES,07/15/2013 19:02:05,07/15/2013 19:02:19
2,DSION PROPERTIES,07/15/2013 19:02:29,07/15/2013 19:02:41
1,DSION PROPERTIES,07/15/2013 19:01:49,07/15/2013 19:03:15
2,DSION PROPERTIES,07/15/2013 19:03:05,07/15/2013 19:03:18
4,DSION PROPERTIES,07/15/2013 19:03:07,07/15/2013 19:03:23
4,DSION PROPERTIES,07/15/2013 19:24:04,07/15/2013 19:26:43
1,DSION PROPERTIES,07/15/2013 19:26:41,07/15/2013 19:26:57
2,DSION PROPERTIES,07/15/2013 19:26:37,07/15/2013 19:26:58
2,DSION PROPERTIES,07/15/2013 19:26:58,07/15/2013 19:27:11
2,DSION PROPERTIES,07/15/2013 19:27:12,07/15/2013 19:27:24
2,DSION PROPERTIES,07/15/2013 19:27:30,07/15/2013 19:27:44
2,DSION PROPERTIES,07/15/2013 19:29:05,07/15/2013 19:29:25
2,DSION PROPERTIES,07/15/2013 19:30:00,07/15/2013 19:30:20
1,DSION PROPERTIES,07/15/2013 19:30:12,07/15/2013 19:30:25
1,DSION PROPERTIES,07/15/2013 19:30:38,07/15/2013 19:31:03
2,DSION PROPERTIES,07/15/2013 19:30:59,07/15/2013 19:31:29
2,DSION PROPERTIES,07/15/2013 19:31:36,07/15/2013 19:31:58
1,DSION PROPERTIES,07/16/2013 09:11:35,07/16/2013 09:11:48
1,DSION PROPERTIES,07/16/2013 09:12:40,07/16/2013 09:12:52
1,DSION PROPERTIES,07/16/2013 09:12:57,07/16/2013 09:13:10
2,DSION PROPERTIES,07/16/2013 09:13:51,07/16/2013 09:14:03
4,DSION PROPERTIES,07/16/2013 09:19:56,07/16/2013 09:20:09
4,DSION PROPERTIES,07/16/2013 09:20:56,07/16/2013 09:21:09
4,DSION PROPERTIES,07/16/2013 09:22:38,07/16/2013 09:22:51
4,DSION PROPERTIES,07/16/2013 09:22:59,07/16/2013 09:23:12
4,DSION PROPERTIES,07/16/2013 09:38:05,07/16/2013 09:38:18
4,DSION PROPERTIES,07/16/2013 09:38:18,07/16/2013 09:38:30
4,DSION PROPERTIES,07/16/2013 09:38:43,07/16/2013 09:38:55
4,DSION PROPERTIES,07/16/2013 10:09:16,07/16/2013 10:09:30
3,DSION PROPERTIES,07/16/2013 10:09:27,07/16/2013 10:09:39
1,DSION PROPERTIES,07/16/2013 09:13:35,07/16/2013 10:10:21
1,DSION PROPERTIES,07/16/2013 10:16:50,07/16/2013 10:17:08
3,DSION PROPERTIES,07/16/2013 10:17:07,07/16/2013 10:17:20
3,DSION PROPERTIES,07/16/2013 10:18:48,07/16/2013 10:19:00
3,DSION PROPERTIES,07/16/2013 10:38:41,07/16/2013 10:38:55
3,DSION PROPERTIES,07/16/2013 10:39:20,07/16/2013 10:39:33
1,DSION PROPERTIES,07/16/2013 10:39:32,07/16/2013 10:39:46
1,DSION PROPERTIES,07/16/2013 10:39:58,07/16/2013 10:40:11
2,DSION PROPERTIES,07/16/2013 09:16:56,unknown
2,DSION PROPERTIES,07/16/2013 11:02:04,07/16/2013 11:02:18
2,DSION PROPERTIES,07/16/2013 11:03:17,07/16/2013 11:03:40
2,DSION PROPERTIES,07/16/2013 11:03:46,07/16/2013 11:04:01
3,DSION PROPERTIES,07/16/2013 11:03:51,07/16/2013 11:04:50
3,DSION PROPERTIES,07/16/2013 11:06:32,07/16/2013 11:06:44
3,DSION PROPERTIES,07/16/2013 11:07:18,07/16/2013 11:07:40
1,DSION PROPERTIES,07/16/2013 10:57:36,07/16/2013 11:14:06
2,DSION PROPERTIES,07/16/2013 11:18:22,07/16/2013 11:18:35
4,DSION PROPERTIES,07/16/2013 11:18:26,07/16/2013 11:18:39
3,DSION PROPERTIES,07/16/2013 11:10:42,07/16/2013 11:20:23
3,DSION PROPERTIES,07/16/2013 11:20:24,07/16/2013 11:20:37
3,DSION PROPERTIES,07/16/2013 11:25:04,07/16/2013 11:25:19
1,DSION PROPERTIES,07/16/2013 11:16:50,07/16/2013 11:25:34
3,DSION PROPERTIES,07/16/2013 11:25:29,07/16/2013 11:25:43
1,DSION PROPERTIES,07/16/2013 11:29:13,07/16/2013 11:29:29
4,DSION PROPERTIES,07/16/2013 11:29:24,07/16/2013 11:29:38
4,DSION PROPERTIES,07/16/2013 11:35:09,07/16/2013 11:35:26
3,DSION PROPERTIES,07/16/2013 11:27:42,07/16/2013 11:36:24
4,DSION PROPERTIES,07/16/2013 11:36:19,07/16/2013 11:36:34
4,DSION PROPERTIES,07/16/2013 11:45:21,07/16/2013 11:57:04
4,DSION PROPERTIES,07/16/2013 11:58:44,07/16/2013 11:59:01
3,DSION PROPERTIES,07/16/2013 12:00:21,07/16/2013 12:00:34
3,DSION PROPERTIES,07/16/2013 12:01:35,07/16/2013 12:01:49
3,DSION PROPERTIES,07/16/2013 12:01:50,07/16/2013 12:02:04
3,DSION PROPERTIES,07/16/2013 12:03:26,07/16/2013 12:03:39
3,DSION PROPERTIES,07/16/2013 12:04:35,07/16/2013 12:04:48
3,DSION PROPERTIES,07/16/2013 12:05:51,07/16/2013 12:06:04
3,DSION PROPERTIES,07/16/2013 12:12:52,07/16/2013 12:13:06
4,DSION PROPERTIES,07/16/2013 11:59:31,07/16/2013 12:13:38
3,DSION PROPERTIES,07/16/2013 12:13:36,07/16/2013 12:13:49
3,DSION PROPERTIES,07/16/2013 12:30:44,07/16/2013 12:31:12
3,DSION PROPERTIES,07/16/2013 12:31:36,07/16/2013 12:42:13
4,DSION PROPERTIES,07/16/2013 12:42:01,07/16/2013 12:42:26
3,DSION PROPERTIES,07/16/2013 12:42:14,07/16/2013 12:42:26
3,DSION PROPERTIES,07/16/2013 12:42:32,07/16/2013 12:42:45
3,DSION PROPERTIES,07/16/2013 12:43:09,07/16/2013 12:43:22
3,DSION PROPERTIES,07/16/2013 12:43:24,07/16/2013 12:43:36
3,DSION PROPERTIES,07/16/2013 12:45:03,07/16/2013 12:45:15
4,DSION PROPERTIES,07/16/2013 12:45:06,07/16/2013 12:45:19
1,DSION PROPERTIES,07/16/2013 12:45:12,07/16/2013 12:45:24
4,DSION PROPERTIES,07/16/2013 12:45:41,07/16/2013 12:45:43
1,DSION PROPERTIES,07/16/2013 12:45:33,07/16/2013 12:45:52
3,DSION PROPERTIES,07/16/2013 12:58:22,07/16/2013 12:58:49
3,DSION PROPERTIES,07/16/2013 12:59:04,07/16/2013 12:59:15
1,DSION PROPERTIES,07/16/2013 12:53:49,07/16/2013 13:04:01
1,DSION PROPERTIES,07/16/2013 13:04:01,07/16/2013 13:04:28
1,DSION PROPERTIES,07/16/2013 13:06:28,07/16/2013 13:06:39
1,DSION PROPERTIES,07/16/2013 13:07:27,07/16/2013 13:07:42
1,DSION PROPERTIES,07/16/2013 13:13:31,07/16/2013 13:13:43
4,DSION PROPERTIES,07/16/2013 12:56:41,07/16/2013 13:14:02
3,DSION PROPERTIES,07/16/2013 13:15:46,07/16/2013 13:15:47
4,DSION PROPERTIES,07/16/2013 13:15:37,07/16/2013 13:15:56
1,DSION PROPERTIES,07/16/2013 13:13:49,07/16/2013 13:16:00
1,DSION PROPERTIES,07/16/2013 13:16:29,07/16/2013 13:16:42
4,DSION PROPERTIES,07/16/2013 13:16:52,07/16/2013 13:17:05
4,DSION PROPERTIES,07/16/2013 13:17:54,07/16/2013 13:18:06
4,DSION PROPERTIES,07/16/2013 13:20:16,07/16/2013 13:20:27
4,DSION PROPERTIES,07/16/2013 13:22:14,07/16/2013 13:22:33
1,DSION PROPERTIES,07/16/2013 13:16:48,07/16/2013 13:23:15
4,DSION PROPERTIES,07/16/2013 13:23:01,07/16/2013 13:38:21
1,DSION PROPERTIES,07/16/2013 13:43:23,07/16/2013 13:43:38
1,DSION PROPERTIES,07/16/2013 13:43:46,07/16/2013 13:44:01
1,DSION PROPERTIES,07/16/2013 13:44:22,07/16/2013 13:44:44
1,DSION PROPERTIES,07/16/2013 13:44:58,07/16/2013 13:45:10
3,DSION PROPERTIES,07/16/2013 13:47:38,07/16/2013 13:47:59
1,DSION PROPERTIES,07/16/2013 13:45:12,07/16/2013 13:49:29
3,DSION PROPERTIES,07/16/2013 13:49:20,07/16/2013 13:49:33
3,DSION PROPERTIES,07/16/2013 13:53:27,07/16/2013 13:53:40
3,DSION PROPERTIES,07/16/2013 13:53:44,07/16/2013 13:53:56
3,DSION PROPERTIES,07/16/2013 13:54:14,07/16/2013 13:54:25
3,DSION PROPERTIES,07/16/2013 13:54:43,07/16/2013 13:54:56
3,DSION PROPERTIES,07/16/2013 13:55:14,07/16/2013 13:55:32
3,DSION PROPERTIES,07/16/2013 13:55:42,07/16/2013 13:55:55
1,DSION PROPERTIES,07/16/2013 13:55:47,07/16/2013 13:55:59
1,DSION PROPERTIES,07/16/2013 13:56:02,07/16/2013 13:56:20
2,DSION PROPERTIES,07/16/2013 13:56:19,07/16/2013 13:56:31
3,DSION PROPERTIES,07/16/2013 13:56:12,07/16/2013 13:56:32
3,DSION PROPERTIES,07/16/2013 13:58:58,07/16/2013 13:59:11
3,DSION PROPERTIES,07/16/2013 13:59:32,07/16/2013 13:59:53
3,DSION PROPERTIES,07/16/2013 13:59:54,07/16/2013 14:00:14
4,DSION PROPERTIES,07/16/2013 13:41:04,07/16/2013 14:00:34
3,DSION PROPERTIES,07/16/2013 14:03:09,07/16/2013 14:03:23
3,DSION PROPERTIES,07/16/2013 14:03:25,07/16/2013 14:03:39
3,DSION PROPERTIES,07/16/2013 14:08:16,07/16/2013 14:08:33
3,DSION PROPERTIES,07/16/2013 14:08:34,07/16/2013 14:08:48
4,DSION PROPERTIES,07/16/2013 14:00:38,07/16/2013 14:09:19
3,DSION PROPERTIES,07/16/2013 14:22:11,07/16/2013 14:22:24
3,DSION PROPERTIES,07/16/2013 14:23:59,07/16/2013 14:26:39
3,DSION PROPERTIES,07/16/2013 14:26:45,07/16/2013 14:26:58
3,DSION PROPERTIES,07/16/2013 14:27:10,07/16/2013 14:27:27
2,DSION PROPERTIES,07/16/2013 14:27:22,07/16/2013 14:27:46
2,DSION PROPERTIES,07/16/2013 14:29:47,07/16/2013 14:30:00
2,DSION PROPERTIES,07/16/2013 14:31:19,07/16/2013 14:36:33
3,DSION PROPERTIES,07/16/2013 14:36:15,07/16/2013 14:37:45
3,DSION PROPERTIES,07/16/2013 14:37:57,07/16/2013 14:38:11
2,DSION PROPERTIES,07/16/2013 14:56:40,07/16/2013 14:56:53
2,DSION PROPERTIES,07/16/2013 15:07:53,07/16/2013 15:08:04
2,DSION PROPERTIES,07/16/2013 15:08:08,07/16/2013 15:08:20
2,DSION PROPERTIES,07/16/2013 15:08:47,07/16/2013 15:09:00
2,DSION PROPERTIES,07/16/2013 15:12:32,07/16/2013 15:12:47
3,DSION PROPERTIES,07/16/2013 14:38:29,07/16/2013 15:14:27
2,DSION PROPERTIES,07/16/2013 15:14:23,07/16/2013 15:14:37
4,DSION PROPERTIES,07/16/2013 14:09:23,07/16/2013 15:24:44
4,DSION PROPERTIES,07/16/2013 15:24:51,07/16/2013 15:25:15
4,DSION PROPERTIES,07/16/2013 15:26:20,07/16/2013 15:26:35
4,DSION PROPERTIES,07/16/2013 15:26:56,07/16/2013 15:27:11
4,DSION PROPERTIES,07/16/2013 15:27:12,07/16/2013 15:28:02
2,DSION PROPERTIES,07/16/2013 15:27:10,07/16/2013 15:28:35
2,DSION PROPERTIES,07/16/2013 15:30:01,07/16/2013 15:30:13
2,DSION PROPERTIES,07/16/2013 15:30:25,07/16/2013 15:30:37
2,DSION PROPERTIES,07/16/2013 15:49:54,07/16/2013 15:50:05
2,DSION PROPERTIES,07/16/2013 15:58:07,07/16/2013 15:58:18
4,DSION PROPERTIES,07/16/2013 15:28:26,07/16/2013 15:58:34
4,DSION PROPERTIES,07/16/2013 16:00:52,07/16/2013 16:01:10
2,DSION PROPERTIES,07/16/2013 16:01:04,07/16/2013 16:01:16
4,DSION PROPERTIES,07/16/2013 16:02:50,07/16/2013 16:03:01
2,DSION PROPERTIES,07/16/2013 16:02:50,07/16/2013 16:03:04
2,DSION PROPERTIES,07/16/2013 16:03:14,07/16/2013 16:03:27
2,DSION PROPERTIES,07/16/2013 16:03:39,07/16/2013 16:04:01
4,DSION PROPERTIES,07/16/2013 16:03:56,07/16/2013 16:04:09
2,DSION PROPERTIES,07/16/2013 16:04:05,07/16/2013 16:04:17
4,DSION PROPERTIES,07/16/2013 16:04:12,07/16/2013 16:04:25
4,DSION PROPERTIES,07/16/2013 16:06:07,07/16/2013 16:06:18
4,DSION PROPERTIES,07/16/2013 16:26:45,07/16/2013 16:27:02
2,DSION PROPERTIES,07/16/2013 16:27:14,07/16/2013 16:27:26
4,DSION PROPERTIES,07/16/2013 16:27:09,07/16/2013 16:27:32
4,DSION PROPERTIES,07/16/2013 16:31:00,07/16/2013 16:31:24
4,DSION PROPERTIES,07/16/2013 16:32:04,07/16/2013 16:33:16
4,DSION PROPERTIES,07/16/2013 16:34:16,07/16/2013 16:36:50
4,DSION PROPERTIES,07/16/2013 16:37:16,07/16/2013 16:37:43
4,DSION PROPERTIES,07/16/2013 16:37:47,07/16/2013 16:38:08
2,DSION PROPERTIES,07/16/2013 16:38:03,07/16/2013 16:38:19
2,DSION PROPERTIES,07/16/2013 16:43:36,07/16/2013 16:43:49
2,DSION PROPERTIES,07/16/2013 16:44:00,07/16/2013 16:44:13
2,DSION PROPERTIES,07/16/2013 16:47:39,07/16/2013 16:47:51
2,DSION PROPERTIES,07/16/2013 16:47:55,07/16/2013 16:48:09
2,DSION PROPERTIES,07/16/2013 16:56:21,07/16/2013 16:56:58
2,DSION PROPERTIES,07/16/2013 16:58:58,07/16/2013 16:59:25
2,DSION PROPERTIES,07/16/2013 17:00:20,07/16/2013 17:00:34
2,DSION PROPERTIES,07/16/2013 17:00:57,07/16/2013 17:01:26
2,DSION PROPERTIES,07/16/2013 17:03:27,07/16/2013 17:03:39
2,DSION PROPERTIES,07/16/2013 17:04:26,07/16/2013 17:04:40
2,DSION PROPERTIES,07/16/2013 17:05:03,07/16/2013 17:05:16
4,DSION PROPERTIES,07/16/2013 17:05:06,07/16/2013 17:05:44
4,DSION PROPERTIES,07/16/2013 17:06:08,07/16/2013 17:06:20
2,DSION PROPERTIES,07/16/2013 17:06:09,07/16/2013 17:06:23
2,DSION PROPERTIES,07/16/2013 17:07:24,07/16/2013 17:07:37
2,DSION PROPERTIES,07/16/2013 17:07:40,07/16/2013 17:07:52
2,DSION PROPERTIES,07/16/2013 17:08:47,07/16/2013 17:09:01
2,DSION PROPERTIES,07/16/2013 17:09:19,07/16/2013 17:09:31
2,DSION PROPERTIES,07/16/2013 17:10:30,07/16/2013 17:10:47
2,DSION PROPERTIES,07/16/2013 17:11:28,07/16/2013 17:11:42
2,DSION PROPERTIES,07/16/2013 17:13:37,07/16/2013 17:13:50
2,DSION PROPERTIES,07/16/2013 17:13:53,07/16/2013 17:14:07
2,DSION PROPERTIES,07/16/2013 17:15:17,07/16/2013 17:15:33
2,DSION PROPERTIES,07/16/2013 17:39:58,07/16/2013 17:40:13
2,DSION PROPERTIES,07/16/2013 17:44:07,07/16/2013 17:44:21
2,DSION PROPERTIES,07/16/2013 17:56:01,07/16/2013 17:56:16
2,DSION PROPERTIES,07/16/2013 17:56:17,07/16/2013 17:56:48
2,DSION PROPERTIES,07/16/2013 17:59:23,07/16/2013 17:59:42
2,DSION PROPERTIES,07/16/2013 18:17:07,07/16/2013 18:17:22
2,DSION PROPERTIES,07/16/2013 18:32:40,07/16/2013 18:32:54
2,DSION PROPERTIES,07/16/2013 18:32:55,07/16/2013 18:33:09
2,DSION PROPERTIES,07/16/2013 18:49:02,07/16/2013 18:49:18
2,DSION PROPERTIES,07/16/2013 18:50:35,07/16/2013 18:50:53
2,DSION PROPERTIES,07/16/2013 18:50:54,07/16/2013 18:51:08
2,DSION PROPERTIES,07/16/2013 18:52:57,07/16/2013 18:53:23
4,DSION PROPERTIES,07/16/2013 18:53:21,07/16/2013 18:53:38
2,DSION PROPERTIES,07/16/2013 18:53:29,07/16/2013 18:53:57
2,DSION PROPERTIES,07/16/2013 18:54:53,07/16/2013 18:55:07
2,DSION PROPERTIES,07/16/2013 18:55:49,07/16/2013 18:56:22
4,DSION PROPERTIES,07/16/2013 18:56:15,07/16/2013 18:56:27
4,DSION PROPERTIES,07/16/2013 18:56:40,07/16/2013 18:56:59
4,DSION PROPERTIES,07/16/2013 18:57:08,07/16/2013 18:57:21
4,DSION PROPERTIES,07/16/2013 18:57:46,07/16/2013 18:58:05
4,DSION PROPERTIES,07/16/2013 18:58:10,07/16/2013 18:59:30
2,DSION PROPERTIES,07/17/2013 09:22:29,07/17/2013 09:22:45
4,DSION PROPERTIES,07/17/2013 09:23:48,07/17/2013 09:24:00
4,DSION PROPERTIES,07/17/2013 09:58:35,07/17/2013 09:58:47
2,DSION PROPERTIES,07/17/2013 09:58:40,07/17/2013 09:59:01
2,DSION PROPERTIES,07/17/2013 10:23:46,07/17/2013 10:24:00
2,DSION PROPERTIES,07/17/2013 10:25:32,07/17/2013 10:25:48
2,DSION PROPERTIES,07/17/2013 10:28:25,07/17/2013 10:28:38
2,DSION PROPERTIES,07/17/2013 10:30:07,07/17/2013 10:30:22
2,DSION PROPERTIES,07/17/2013 11:18:48,07/17/2013 11:19:00
2,DSION PROPERTIES,07/17/2013 11:20:59,07/17/2013 11:21:11
4,DSION PROPERTIES,07/17/2013 11:21:11,07/17/2013 11:21:24
4,DSION PROPERTIES,07/17/2013 11:22:22,07/17/2013 11:22:34
4,DSION PROPERTIES,07/17/2013 11:22:37,07/17/2013 11:22:50
4,DSION PROPERTIES,07/17/2013 11:22:52,07/17/2013 11:23:05
4,DSION PROPERTIES,07/17/2013 11:23:33,07/17/2013 11:23:45
4,DSION PROPERTIES,07/17/2013 11:23:46,07/17/2013 11:23:58
4,DSION PROPERTIES,07/17/2013 11:24:15,07/17/2013 11:24:28
4,DSION PROPERTIES,07/17/2013 11:24:47,07/17/2013 11:24:59
4,DSION PROPERTIES,07/17/2013 11:27:34,07/17/2013 11:27:47
4,DSION PROPERTIES,07/17/2013 11:28:21,07/17/2013 11:28:36
4,DSION PROPERTIES,07/17/2013 11:28:53,07/17/2013 11:29:05
2,DSION PROPERTIES,07/17/2013 11:28:58,07/17/2013 11:29:10
2,DSION PROPERTIES,07/17/2013 11:29:21,07/17/2013 11:29:44
2,DSION PROPERTIES,07/17/2013 11:30:01,07/17/2013 11:30:15
2,DSION PROPERTIES,07/17/2013 11:30:30,07/17/2013 11:30:43
1,DSION PROPERTIES,07/17/2013 11:47:59,07/17/2013 11:48:12
1,DSION PROPERTIES,07/17/2013 11:51:30,07/17/2013 11:51:50
2,DSION PROPERTIES,07/17/2013 11:51:42,07/17/2013 11:51:55
2,DSION PROPERTIES,07/17/2013 11:52:41,07/17/2013 11:52:56
1,DSION PROPERTIES,07/17/2013 11:52:47,07/17/2013 11:53:01
3,DSION PROPERTIES,07/17/2013 11:52:51,07/17/2013 11:53:18
1,DSION PROPERTIES,07/17/2013 11:53:08,07/17/2013 11:53:21
2,DSION PROPERTIES,07/17/2013 11:53:15,07/17/2013 11:53:27
2,DSION PROPERTIES,07/17/2013 11:53:38,07/17/2013 11:53:51
2,DSION PROPERTIES,07/17/2013 11:54:01,07/17/2013 11:54:15
2,DSION PROPERTIES,07/17/2013 12:00:11,07/17/2013 12:00:36
2,DSION PROPERTIES,07/17/2013 12:00:49,07/17/2013 12:01:01
2,DSION PROPERTIES,07/17/2013 12:03:57,07/17/2013 12:04:11
1,DSION PROPERTIES,07/17/2013 12:03:59,07/17/2013 12:04:15
2,DSION PROPERTIES,07/17/2013 12:04:13,07/17/2013 12:04:34
1,DSION PROPERTIES,07/17/2013 12:04:22,07/17/2013 12:04:35
1,DSION PROPERTIES,07/17/2013 12:04:35,07/17/2013 12:04:48
2,DSION PROPERTIES,07/17/2013 12:04:40,07/17/2013 12:04:53
2,DSION PROPERTIES,07/17/2013 12:05:01,07/17/2013 12:05:13
2,DSION PROPERTIES,07/17/2013 12:05:18,07/17/2013 12:05:31
2,DSION PROPERTIES,07/17/2013 12:05:36,07/17/2013 12:05:49
1,DSION PROPERTIES,07/17/2013 12:05:46,07/17/2013 12:06:00
1,DSION PROPERTIES,07/17/2013 12:06:02,07/17/2013 12:06:14
2,DSION PROPERTIES,07/17/2013 12:06:14,07/17/2013 12:06:26
2,DSION PROPERTIES,07/17/2013 12:06:28,07/17/2013 12:06:41
2,DSION PROPERTIES,07/17/2013 12:15:36,07/17/2013 12:16:01
2,DSION PROPERTIES,07/17/2013 12:16:03,07/17/2013 12:16:16
2,DSION PROPERTIES,07/17/2013 12:18:33,07/17/2013 12:18:47
2,DSION PROPERTIES,07/17/2013 12:18:56,07/17/2013 12:19:09
2,DSION PROPERTIES,07/17/2013 12:26:58,07/17/2013 12:27:18
2,DSION PROPERTIES,07/17/2013 12:32:28,07/17/2013 12:32:41
2,DSION PROPERTIES,07/17/2013 12:34:43,07/17/2013 12:34:54
1,DSION PROPERTIES,07/17/2013 12:34:47,07/17/2013 12:34:58
1,DSION PROPERTIES,07/17/2013 12:35:58,07/17/2013 12:36:09
1,DSION PROPERTIES,07/17/2013 12:36:13,07/17/2013 12:36:30
1,DSION PROPERTIES,07/17/2013 12:36:42,07/17/2013 12:36:55
1,DSION PROPERTIES,07/17/2013 12:39:51,07/17/2013 12:40:04
1,DSION PROPERTIES,07/17/2013 12:42:05,07/17/2013 12:42:17
1,DSION PROPERTIES,07/17/2013 12:49:44,07/17/2013 12:49:57
1,DSION PROPERTIES,07/17/2013 13:08:11,07/17/2013 13:08:26
1,DSION PROPERTIES,07/17/2013 13:08:50,07/17/2013 13:09:02
3,DSION PROPERTIES,07/17/2013 13:09:00,07/17/2013 13:09:27
3,DSION PROPERTIES,07/17/2013 13:09:45,07/17/2013 13:09:59
1,DSION PROPERTIES,07/17/2013 13:09:51,07/17/2013 13:10:03
2,DSION PROPERTIES,07/17/2013 12:34:55,07/17/2013 13:17:47
1,DSION PROPERTIES,07/17/2013 13:17:44,07/17/2013 13:17:56
1,DSION PROPERTIES,07/17/2013 13:18:16,07/17/2013 13:18:28
1,DSION PROPERTIES,07/17/2013 13:20:51,07/17/2013 13:21:14
1,DSION PROPERTIES,07/17/2013 13:30:11,07/17/2013 13:30:26
1,DSION PROPERTIES,07/17/2013 13:31:08,07/17/2013 13:31:21
3,DSION PROPERTIES,07/17/2013 13:31:16,07/17/2013 13:31:26
3,DSION PROPERTIES,07/17/2013 13:33:46,07/17/2013 13:34:08
3,DSION PROPERTIES,07/17/2013 13:35:57,07/17/2013 13:36:09
3,DSION PROPERTIES,07/17/2013 13:37:14,07/17/2013 13:37:26
3,DSION PROPERTIES,07/17/2013 13:37:28,07/17/2013 13:37:39
3,DSION PROPERTIES,07/17/2013 13:38:08,07/17/2013 13:38:19
3,DSION PROPERTIES,07/17/2013 13:41:16,07/17/2013 13:41:39
3,DSION PROPERTIES,07/17/2013 13:42:42,07/17/2013 13:42:55
3,DSION PROPERTIES,07/17/2013 13:43:00,07/17/2013 13:43:13
3,DSION PROPERTIES,07/17/2013 13:49:33,07/17/2013 13:49:47
3,DSION PROPERTIES,07/17/2013 13:52:39,07/17/2013 13:52:52
3,DSION PROPERTIES,07/17/2013 13:55:18,07/17/2013 13:55:31
3,DSION PROPERTIES,07/17/2013 13:57:34,07/17/2013 13:57:47
3,DSION PROPERTIES,07/17/2013 13:57:53,07/17/2013 13:58:13
3,DSION PROPERTIES,07/17/2013 13:59:29,07/17/2013 13:59:44
3,DSION PROPERTIES,07/17/2013 13:59:55,07/17/2013 14:00:30
2,DSION PROPERTIES,07/17/2013 13:17:53,07/17/2013 14:00:32
3,DSION PROPERTIES,07/17/2013 14:00:50,07/17/2013 14:01:05
2,DSION PROPERTIES,07/17/2013 14:00:47,07/17/2013 14:01:08
3,DSION PROPERTIES,07/17/2013 14:01:17,07/17/2013 14:01:28
2,DSION PROPERTIES,07/17/2013 14:01:14,07/17/2013 14:01:30
5,DSION PROPERTIES,07/17/2013 14:01:23,07/17/2013 14:01:34
4,DSION PROPERTIES,07/17/2013 14:00:57,07/17/2013 14:01:42
2,DSION PROPERTIES,07/17/2013 14:01:30,07/17/2013 14:01:50
4,DSION PROPERTIES,07/17/2013 14:01:42,07/17/2013 14:02:06
4,DSION PROPERTIES,07/17/2013 14:02:08,07/17/2013 14:02:23
2,DSION PROPERTIES,07/17/2013 14:02:19,07/17/2013 14:02:30
4,DSION PROPERTIES,07/17/2013 14:02:26,07/17/2013 14:02:44
2,DSION PROPERTIES,07/17/2013 14:02:42,07/17/2013 14:02:52
2,DSION PROPERTIES,07/17/2013 14:03:42,07/17/2013 14:04:05
2,DSION PROPERTIES,07/17/2013 14:04:08,07/17/2013 14:04:22
2,DSION PROPERTIES,07/17/2013 14:04:33,07/17/2013 14:04:52
2,DSION PROPERTIES,07/17/2013 14:06:06,07/17/2013 14:06:28
2,DSION PROPERTIES,07/17/2013 14:06:34,07/17/2013 14:06:48
2,DSION PROPERTIES,07/17/2013 14:06:53,07/17/2013 14:07:07
2,DSION PROPERTIES,07/17/2013 14:23:49,07/17/2013 14:24:04
2,DSION PROPERTIES,07/17/2013 14:24:14,07/17/2013 14:24:18
2,DSION PROPERTIES,07/17/2013 14:24:18,07/17/2013 14:24:18
1,DSION PROPERTIES,07/17/2013 13:59:56,07/17/2013 14:24:28
1,DSION PROPERTIES,07/17/2013 14:39:03,07/17/2013 14:39:17
2,DSION PROPERTIES,07/17/2013 14:39:10,07/17/2013 14:39:27
1,DSION PROPERTIES,07/17/2013 14:39:24,07/17/2013 14:39:36
1,DSION PROPERTIES,07/17/2013 14:41:34,07/17/2013 14:42:36
1,DSION PROPERTIES,07/17/2013 14:44:05,07/17/2013 14:44:43
2,DSION PROPERTIES,07/17/2013 14:44:29,07/17/2013 14:45:06
5,DSION PROPERTIES,07/17/2013 14:44:41,07/17/2013 14:45:07
1,DSION PROPERTIES,07/17/2013 14:44:55,07/17/2013 14:45:08
1,DSION PROPERTIES,07/17/2013 14:45:16,07/17/2013 14:45:29
5,DSION PROPERTIES,07/17/2013 14:45:21,07/17/2013 14:45:33
5,DSION PROPERTIES,07/17/2013 14:45:37,07/17/2013 14:45:49
5,DSION PROPERTIES,07/17/2013 14:51:09,07/17/2013 14:51:28
5,DSION PROPERTIES,07/17/2013 14:58:08,07/17/2013 14:58:49
4,DSION PROPERTIES,07/17/2013 14:24:16,unknown
1,DSION PROPERTIES,07/17/2013 15:05:29,07/17/2013 15:05:41
1,DSION PROPERTIES,07/17/2013 15:05:42,07/17/2013 15:06:23
1,DSION PROPERTIES,07/17/2013 15:21:02,07/17/2013 15:21:24
2,DSION PROPERTIES,07/17/2013 15:21:20,07/17/2013 15:21:37
2,DSION PROPERTIES,07/17/2013 15:22:58,07/17/2013 15:23:14
2,DSION PROPERTIES,07/17/2013 15:23:28,07/17/2013 15:23:41
2,DSION PROPERTIES,07/17/2013 15:24:11,07/17/2013 15:24:25
1,DSION PROPERTIES,07/17/2013 15:24:22,07/17/2013 15:24:38
1,DSION PROPERTIES,07/17/2013 15:34:24,07/17/2013 15:34:36
2,DSION PROPERTIES,07/17/2013 15:36:04,07/17/2013 15:36:42
3,DSION PROPERTIES,07/17/2013 15:36:41,07/17/2013 15:37:09
2,DSION PROPERTIES,07/17/2013 15:37:05,07/17/2013 15:37:16
2,DSION PROPERTIES,07/17/2013 15:39:27,07/17/2013 15:39:54
1,DSION PROPERTIES,07/17/2013 15:35:58,07/17/2013 15:40:21
3,DSION PROPERTIES,07/17/2013 15:39:41,07/17/2013 15:41:34
1,DSION PROPERTIES,07/17/2013 15:41:08,07/17/2013 15:42:50
4,DSION PROPERTIES,07/17/2013 15:39:44,07/17/2013 15:43:20
1,DSION PROPERTIES,07/17/2013 15:42:57,07/17/2013 15:43:30
4,DSION PROPERTIES,07/17/2013 15:43:24,07/17/2013 15:44:20
3,DSION PROPERTIES,07/17/2013 15:42:17,07/17/2013 15:48:26
4,DSION PROPERTIES,07/17/2013 15:48:25,07/17/2013 15:48:43
3,DSION PROPERTIES,07/17/2013 15:48:34,07/17/2013 15:48:49
3,DSION PROPERTIES,07/17/2013 15:49:22,07/17/2013 15:49:35
4,DSION PROPERTIES,07/17/2013 15:49:30,07/17/2013 15:49:43
4,DSION PROPERTIES,07/17/2013 15:49:59,07/17/2013 15:50:15
3,DSION PROPERTIES,07/17/2013 15:50:14,07/17/2013 15:50:33
1,DSION PROPERTIES,07/17/2013 15:53:18,unknown
